"编号","性质","办园类型","办园等级","幼儿园","片区","园区/分园","地址","高德POI名称","高德POI地址","高德经纬度","距西岸网易研发中心","高德搜索链接","联系电话","托班计划","小班计划","对口居委/招生范围","招生类型","置信度","备注","主要来源"
"1","公办","公办","一级","襄阳南路第一幼儿园","衡复/湖南","复中园","复兴中路1260弄2号","上海市徐汇区襄阳南路第一幼儿园(复中园)","复兴中路1260弄2号(陕西南路地铁站7号口步行260米)","121.457896,31.212846","高德直线约 6.29 km","https://ditu.amap.com/search?query=%E4%B8%8A%E6%B5%B7%E5%B8%82%E5%BE%90%E6%B1%87%E5%8C%BA%20%E8%A5%84%E9%98%B3%E5%8D%97%E8%B7%AF%E7%AC%AC%E4%B8%80%E5%B9%BC%E5%84%BF%E5%9B%AD%20%E5%A4%8D%E4%B8%AD%E5%9B%AD%20%E5%A4%8D%E5%85%B4%E4%B8%AD%E8%B7%AF1260%E5%BC%842%E5%8F%B7","021-64335881","3","4","慎成里、肇嘉浜、陕西、建新、息村、桃源村、嘉善、永康、张家弄、复中","固定对口","A","","上海本地宝《2026徐汇区幼儿园招生对口地段及招生计划班级数》，2026-04-15：https://m.sh.bendibao.com/edu/305291.html；上海本地宝《上海市徐汇区公办幼儿园名单一览》，内容来源标注为上海学前教育网，2024-03-25：https://m.sh.bendibao.com/edu/284155.html"
"1","公办","公办","一级","襄阳南路第一幼儿园","衡复/湖南","南园","襄阳南路317号","上海市徐汇区襄阳南路第一幼儿园(南园)","襄阳南路317号","121.458251,31.208448","高德直线约 5.80 km","https://ditu.amap.com/search?query=%E4%B8%8A%E6%B5%B7%E5%B8%82%E5%BE%90%E6%B1%87%E5%8C%BA%20%E8%A5%84%E9%98%B3%E5%8D%97%E8%B7%AF%E7%AC%AC%E4%B8%80%E5%B9%BC%E5%84%BF%E5%9B%AD%20%E5%8D%97%E5%9B%AD%20%E8%A5%84%E9%98%B3%E5%8D%97%E8%B7%AF317%E5%8F%B7","021-64335881","3","4","慎成里、肇嘉浜、陕西、建新、息村、桃源村、嘉善、永康、张家弄、复中","固定对口","A","","上海本地宝《2026徐汇区幼儿园招生对口地段及招生计划班级数》，2026-04-15：https://m.sh.bendibao.com/edu/305291.html；上海本地宝《上海市徐汇区公办幼儿园名单一览》，内容来源标注为上海学前教育网，2024-03-25：https://m.sh.bendibao.com/edu/284155.html"
"1","公办","公办","一级","襄阳南路第一幼儿园","衡复/湖南","陕南园","陕西南路540号","上海市徐汇区襄阳南路第一幼儿园(陕南园)","中国民主促进会旧址西门旁","121.461578,31.208853","高德直线约 5.85 km","https://ditu.amap.com/search?query=%E4%B8%8A%E6%B5%B7%E5%B8%82%E5%BE%90%E6%B1%87%E5%8C%BA%20%E8%A5%84%E9%98%B3%E5%8D%97%E8%B7%AF%E7%AC%AC%E4%B8%80%E5%B9%BC%E5%84%BF%E5%9B%AD%20%E9%99%95%E5%8D%97%E5%9B%AD%20%E9%99%95%E8%A5%BF%E5%8D%97%E8%B7%AF540%E5%8F%B7","021-64335881","3","4","慎成里、肇嘉浜、陕西、建新、息村、桃源村、嘉善、永康、张家弄、复中","固定对口","A","","上海本地宝《2026徐汇区幼儿园招生对口地段及招生计划班级数》，2026-04-15：https://m.sh.bendibao.com/edu/305291.html；上海本地宝《上海市徐汇区公办幼儿园名单一览》，内容来源标注为上海学前教育网，2024-03-25：https://m.sh.bendibao.com/edu/284155.html"
"1","公办","公办","一级","襄阳南路第一幼儿园","衡复/湖南","北园","襄阳南路207号","上海市徐汇区襄阳南路第一幼儿园(北园)","襄阳南路207号(陕西南路地铁站7号口步行360米)","121.457816,31.211726","高德直线约 6.16 km","https://ditu.amap.com/search?query=%E4%B8%8A%E6%B5%B7%E5%B8%82%E5%BE%90%E6%B1%87%E5%8C%BA%20%E8%A5%84%E9%98%B3%E5%8D%97%E8%B7%AF%E7%AC%AC%E4%B8%80%E5%B9%BC%E5%84%BF%E5%9B%AD%20%E5%8C%97%E5%9B%AD%20%E8%A5%84%E9%98%B3%E5%8D%97%E8%B7%AF207%E5%8F%B7","64335881","3","4","慎成里、肇嘉浜、陕西、建新、息村、桃源村、嘉善、永康、张家弄、复中","固定对口","A","","上海本地宝《2026徐汇区幼儿园招生对口地段及招生计划班级数》，2026-04-15：https://m.sh.bendibao.com/edu/305291.html；上海本地宝《上海市徐汇区公办幼儿园名单一览》，内容来源标注为上海学前教育网，2024-03-25：https://m.sh.bendibao.com/edu/284155.html"
"2","公办","公办","示范园","五原路幼儿园","衡复/湖南","永嘉园","永嘉路420号","上海市徐汇区五原路幼儿园(永嘉园)","永嘉路420号","121.453931,31.207165","高德直线约 5.67 km","https://ditu.amap.com/search?query=%E4%B8%8A%E6%B5%B7%E5%B8%82%E5%BE%90%E6%B1%87%E5%8C%BA%20%E4%BA%94%E5%8E%9F%E8%B7%AF%E5%B9%BC%E5%84%BF%E5%9B%AD%20%E6%B0%B8%E5%98%89%E5%9B%AD%20%E6%B0%B8%E5%98%89%E8%B7%AF420%E5%8F%B7","64759122","3","4","上海新村、东湖、金波、延庆、陕新、新乐、复襄、淮海、安福、春华、淮中、建岳、太原、永太、永嘉新村、复永、兴武、华康、武康","固定对口","A","","上海本地宝《2026徐汇区幼儿园招生对口地段及招生计划班级数》，2026-04-15：https://m.sh.bendibao.com/edu/305291.html；上海本地宝《上海市徐汇区公办幼儿园名单一览》，内容来源标注为上海学前教育网，2024-03-25：https://m.sh.bendibao.com/edu/284155.html"
"2","公办","公办","示范园","五原路幼儿园","衡复/湖南","武康园","五原路400号","上海市徐汇区五原路幼儿园(武康园)","五原路400号","121.441380,31.211969","高德直线约 6.41 km","https://ditu.amap.com/search?query=%E4%B8%8A%E6%B5%B7%E5%B8%82%E5%BE%90%E6%B1%87%E5%8C%BA%20%E4%BA%94%E5%8E%9F%E8%B7%AF%E5%B9%BC%E5%84%BF%E5%9B%AD%20%E6%AD%A6%E5%BA%B7%E5%9B%AD%20%E4%BA%94%E5%8E%9F%E8%B7%AF400%E5%8F%B7","54035366","3","4","上海新村、东湖、金波、延庆、陕新、新乐、复襄、淮海、安福、春华、淮中、建岳、太原、永太、永嘉新村、复永、兴武、华康、武康","固定对口","A","","上海本地宝《2026徐汇区幼儿园招生对口地段及招生计划班级数》，2026-04-15：https://m.sh.bendibao.com/edu/305291.html；上海本地宝《上海市徐汇区公办幼儿园名单一览》，内容来源标注为上海学前教育网，2024-03-25：https://m.sh.bendibao.com/edu/284155.html"
"2","公办","公办","示范园","五原路幼儿园","衡复/湖南","兴国园","武康路280弄24号","上海市徐汇区五原路幼儿园(永嘉园)","永嘉路420号","121.453931,31.207165","高德直线约 5.67 km","https://ditu.amap.com/search?query=%E4%B8%8A%E6%B5%B7%E5%B8%82%E5%BE%90%E6%B1%87%E5%8C%BA%20%E4%BA%94%E5%8E%9F%E8%B7%AF%E5%B9%BC%E5%84%BF%E5%9B%AD%20%E5%85%B4%E5%9B%BD%E5%9B%AD%20%E6%AD%A6%E5%BA%B7%E8%B7%AF280%E5%BC%8424%E5%8F%B7","64360627","3","4","上海新村、东湖、金波、延庆、陕新、新乐、复襄、淮海、安福、春华、淮中、建岳、太原、永太、永嘉新村、复永、兴武、华康、武康","固定对口","A","","上海本地宝《2026徐汇区幼儿园招生对口地段及招生计划班级数》，2026-04-15：https://m.sh.bendibao.com/edu/305291.html；上海本地宝《上海市徐汇区公办幼儿园名单一览》，内容来源标注为上海学前教育网，2024-03-25：https://m.sh.bendibao.com/edu/284155.html"
"3","公办","公办","一级","汇星幼儿园","徐家汇/天平","南园","宛平南路19弄3号","上海市徐汇区汇星幼儿园(南园)","宛平南路19弄3号","121.445600,31.196414","高德直线约 4.64 km","https://ditu.amap.com/search?query=%E4%B8%8A%E6%B5%B7%E5%B8%82%E5%BE%90%E6%B1%87%E5%8C%BA%20%E6%B1%87%E6%98%9F%E5%B9%BC%E5%84%BF%E5%9B%AD%20%E5%8D%97%E5%9B%AD%20%E5%AE%9B%E5%B9%B3%E5%8D%97%E8%B7%AF19%E5%BC%843%E5%8F%B7","021-64689142","1","3","天平、高安、康平、吴兴、宛平、余庆、广元、安亭、徐汇新村、张家浜肇谨、零陵、科汇、启明、沈马、王家堂、南赵巷、殷家角、汇翠、名园、德昌","固定对口","A","","上海本地宝《2026徐汇区幼儿园招生对口地段及招生计划班级数》，2026-04-15：https://m.sh.bendibao.com/edu/305291.html；上海本地宝《上海市徐汇区公办幼儿园名单一览》，内容来源标注为上海学前教育网，2024-03-25：https://m.sh.bendibao.com/edu/284155.html"
"3","公办","公办","一级","汇星幼儿园","徐家汇/天平","北园","康平路200号","上海市徐汇区汇星幼儿园(北园)","康平路200号(交通大学地铁站1号口步行240米)","121.436909,31.200199","高德直线约 5.31 km","https://ditu.amap.com/search?query=%E4%B8%8A%E6%B5%B7%E5%B8%82%E5%BE%90%E6%B1%87%E5%8C%BA%20%E6%B1%87%E6%98%9F%E5%B9%BC%E5%84%BF%E5%9B%AD%20%E5%8C%97%E5%9B%AD%20%E5%BA%B7%E5%B9%B3%E8%B7%AF200%E5%8F%B7","021-64689142","1","3","天平、高安、康平、吴兴、宛平、余庆、广元、安亭、徐汇新村、张家浜肇谨、零陵、科汇、启明、沈马、王家堂、南赵巷、殷家角、汇翠、名园、德昌","固定对口","B","2024公办名单写康平路200号；2024招生简章/部分旧资料写华山路1815号，建议电话确认当前小班实际园区。","上海本地宝《2026徐汇区幼儿园招生对口地段及招生计划班级数》，2026-04-15：https://m.sh.bendibao.com/edu/305291.html；上海本地宝《上海市徐汇区公办幼儿园名单一览》，内容来源标注为上海学前教育网，2024-03-25：https://m.sh.bendibao.com/edu/284155.html"
"4","公办","公办","二级","乐山幼儿园","徐家汇/交大","本部","乐山路18号","上海市徐汇区乐山幼儿园","乐山路18号","121.431613,31.196337","高德直线约 5.16 km","https://ditu.amap.com/search?query=%E4%B8%8A%E6%B5%B7%E5%B8%82%E5%BE%90%E6%B1%87%E5%8C%BA%20%E4%B9%90%E5%B1%B1%E5%B9%BC%E5%84%BF%E5%9B%AD%20%E6%9C%AC%E9%83%A8%20%E4%B9%90%E5%B1%B1%E8%B7%AF18%E5%8F%B7","64072867","1","3","乐山一村、乐山二三村、乐山四五村、乐山六七村、乐山八九村、文定、汇站、交大、豪庭","固定对口","A","","上海本地宝《2026徐汇区幼儿园招生对口地段及招生计划班级数》，2026-04-15：https://m.sh.bendibao.com/edu/305291.html；上海本地宝《上海市徐汇区公办幼儿园名单一览》，内容来源标注为上海学前教育网，2024-03-25：https://m.sh.bendibao.com/edu/284155.html"
"5","公办","公办","二级","汇家幼儿园","徐家汇/虹桥路","北园","番禺路800弄24号","上海市徐汇区汇家幼儿园(北园)","番禺路800弄24号","121.427837,31.197598","高德直线约 5.46 km","https://ditu.amap.com/search?query=%E4%B8%8A%E6%B5%B7%E5%B8%82%E5%BE%90%E6%B1%87%E5%8C%BA%20%E6%B1%87%E5%AE%B6%E5%B9%BC%E5%84%BF%E5%9B%AD%20%E5%8C%97%E5%9B%AD%20%E7%95%AA%E7%A6%BA%E8%B7%AF800%E5%BC%8424%E5%8F%B7","62837361","1","3","番禺、南丹、柿子湾、潘家宅、陈家宅、虹二、虹交、西塘、东塘","固定对口","A","","上海本地宝《2026徐汇区幼儿园招生对口地段及招生计划班级数》，2026-04-15：https://m.sh.bendibao.com/edu/305291.html；上海本地宝《上海市徐汇区公办幼儿园名单一览》，内容来源标注为上海学前教育网，2024-03-25：https://m.sh.bendibao.com/edu/284155.html"
"5","公办","公办","二级","汇家幼儿园","徐家汇/虹桥路","南园","番禺路1188号","上海市徐汇区汇家幼儿园(南园)","番禺路1188号(宜山路地铁站5号口步行460米)","121.425446,31.191704","高德直线约 5.07 km","https://ditu.amap.com/search?query=%E4%B8%8A%E6%B5%B7%E5%B8%82%E5%BE%90%E6%B1%87%E5%8C%BA%20%E6%B1%87%E5%AE%B6%E5%B9%BC%E5%84%BF%E5%9B%AD%20%E5%8D%97%E5%9B%AD%20%E7%95%AA%E7%A6%BA%E8%B7%AF1188%E5%8F%B7","64860098","1","3","番禺、南丹、柿子湾、潘家宅、陈家宅、虹二、虹交、西塘、东塘","固定对口","A","","上海本地宝《2026徐汇区幼儿园招生对口地段及招生计划班级数》，2026-04-15：https://m.sh.bendibao.com/edu/305291.html；上海本地宝《上海市徐汇区公办幼儿园名单一览》，内容来源标注为上海学前教育网，2024-03-25：https://m.sh.bendibao.com/edu/284155.html"
"6","公办","公办","二级","枫林幼儿园","枫林/斜土","本部","小木桥路440弄30号","上海市徐汇区枫林幼儿园","小木桥路440弄30号","121.458998,31.194273","高德直线约 4.22 km","https://ditu.amap.com/search?query=%E4%B8%8A%E6%B5%B7%E5%B8%82%E5%BE%90%E6%B1%87%E5%8C%BA%20%E6%9E%AB%E6%9E%97%E5%B9%BC%E5%84%BF%E5%9B%AD%20%E6%9C%AC%E9%83%A8%20%E5%B0%8F%E6%9C%A8%E6%A1%A5%E8%B7%AF440%E5%BC%8430%E5%8F%B7","64035845","1","2","日新、日二、日五、日六第一、日六第二、大三、大四、康巨、茶陵、景泰、恒益、西木南、西木北、江南","固定对口","A","","上海本地宝《2026徐汇区幼儿园招生对口地段及招生计划班级数》，2026-04-15：https://m.sh.bendibao.com/edu/305291.html；上海本地宝《上海市徐汇区公办幼儿园名单一览》，内容来源标注为上海学前教育网，2024-03-25：https://m.sh.bendibao.com/edu/284155.html"
"7","公办","公办","二级","复旦大学附属徐汇实验幼儿园","枫林/斜土","托小班部","平江路17号","复旦大学附属徐汇实验幼儿园(中大班部)","平江路32号","121.456478,31.200659","高德直线约 4.94 km","https://ditu.amap.com/search?query=%E4%B8%8A%E6%B5%B7%E5%B8%82%E5%BE%90%E6%B1%87%E5%8C%BA%20%E5%A4%8D%E6%97%A6%E5%A4%A7%E5%AD%A6%E9%99%84%E5%B1%9E%E5%BE%90%E6%B1%87%E5%AE%9E%E9%AA%8C%E5%B9%BC%E5%84%BF%E5%9B%AD%20%E6%89%98%E5%B0%8F%E7%8F%AD%E9%83%A8%20%E5%B9%B3%E6%B1%9F%E8%B7%AF17%E5%8F%B7","64034223","1","4","平江、肇一、上影、日七、大五、医清、四季园、肇清、医学院","固定对口","B","2024年7月由原平江路幼儿园与原复旦大学医学院幼儿园合并组建；2025/公开资料显示新小班启用平江路32号，需确认2026实际安排。","上海本地宝《2026徐汇区幼儿园招生对口地段及招生计划班级数》，2026-04-15：https://m.sh.bendibao.com/edu/305291.html；复旦附属徐汇实验幼儿园公开资料/上哪学/021school；上海本地宝《上海市徐汇区公办幼儿园名单一览》，内容来源标注为上海学前教育网，2024-03-25：https://m.sh.bendibao.com/edu/284155.html"
"7","公办","公办","二级","复旦大学附属徐汇实验幼儿园","枫林/斜土","中大班部/新小班候选","平江路32号","复旦大学附属徐汇实验幼儿园(中大班部)","平江路32号","121.456478,31.200659","高德直线约 4.94 km","https://ditu.amap.com/search?query=%E4%B8%8A%E6%B5%B7%E5%B8%82%E5%BE%90%E6%B1%87%E5%8C%BA%20%E5%A4%8D%E6%97%A6%E5%A4%A7%E5%AD%A6%E9%99%84%E5%B1%9E%E5%BE%90%E6%B1%87%E5%AE%9E%E9%AA%8C%E5%B9%BC%E5%84%BF%E5%9B%AD%20%E4%B8%AD%E5%A4%A7%E7%8F%AD%E9%83%A8%2F%E6%96%B0%E5%B0%8F%E7%8F%AD%E5%80%99%E9%80%89%20%E5%B9%B3%E6%B1%9F%E8%B7%AF32%E5%8F%B7","64034223","1","4","平江、肇一、上影、日七、大五、医清、四季园、肇清、医学院","固定对口","B","公开资料显示办学地址为平江路32号、17号；原复旦医学院幼儿园东安路50弄10号为历史/合并相关地址。","上海本地宝《2026徐汇区幼儿园招生对口地段及招生计划班级数》，2026-04-15：https://m.sh.bendibao.com/edu/305291.html；复旦附属徐汇实验幼儿园公开资料/上哪学/021school；上海本地宝《上海市徐汇区公办幼儿园名单一览》，内容来源标注为上海学前教育网，2024-03-25：https://m.sh.bendibao.com/edu/284155.html"
"8","公办","公办","二级","东安一村幼儿园","枫林/斜土","零陵园","零陵路250弄33号","上海市徐汇区东安一村幼儿园(零陵园)","零陵路250弄33号(大木桥路地铁站3号口步行470米)","121.460111,31.191485","高德直线约 3.91 km","https://ditu.amap.com/search?query=%E4%B8%8A%E6%B5%B7%E5%B8%82%E5%BE%90%E6%B1%87%E5%8C%BA%20%E4%B8%9C%E5%AE%89%E4%B8%80%E6%9D%91%E5%B9%BC%E5%84%BF%E5%9B%AD%20%E9%9B%B6%E9%99%B5%E5%9B%AD%20%E9%9B%B6%E9%99%B5%E8%B7%AF250%E5%BC%8433%E5%8F%B7","64041758","1","2","东安一村北、东安一村南、安康、振兴、张东、爱华、汇园、东安二村、沈家里、东安四村、谨斜、东安苑、枫林新村、南康","固定对口","A","","上海本地宝《2026徐汇区幼儿园招生对口地段及招生计划班级数》，2026-04-15：https://m.sh.bendibao.com/edu/305291.html；上海本地宝《上海市徐汇区公办幼儿园名单一览》，内容来源标注为上海学前教育网，2024-03-25：https://m.sh.bendibao.com/edu/284155.html"
"8","公办","公办","二级","东安一村幼儿园","枫林/斜土","东安园","东安一村39号","上海市徐汇区东安一村幼儿园(零陵园)","零陵路250弄33号(大木桥路地铁站3号口步行470米)","121.460111,31.191485","高德直线约 3.91 km","https://ditu.amap.com/search?query=%E4%B8%8A%E6%B5%B7%E5%B8%82%E5%BE%90%E6%B1%87%E5%8C%BA%20%E4%B8%9C%E5%AE%89%E4%B8%80%E6%9D%91%E5%B9%BC%E5%84%BF%E5%9B%AD%20%E4%B8%9C%E5%AE%89%E5%9B%AD%20%E4%B8%9C%E5%AE%89%E4%B8%80%E6%9D%9139%E5%8F%B7","64175625","1","2","东安一村北、东安一村南、安康、振兴、张东、爱华、汇园、东安二村、沈家里、东安四村、谨斜、东安苑、枫林新村、南康","固定对口","A","公办名单列出东安一村39号及零陵路250弄33号。","上海本地宝《2026徐汇区幼儿园招生对口地段及招生计划班级数》，2026-04-15：https://m.sh.bendibao.com/edu/305291.html；上海本地宝《上海市徐汇区公办幼儿园名单一览》，内容来源标注为上海学前教育网，2024-03-25：https://m.sh.bendibao.com/edu/284155.html"
"9","公办","公办","一级","龙山幼儿园","枫林/宛南","一分园","宛南四村16号","上海市徐汇区龙山幼儿园一分园","宛南四村16号","121.450444,31.181580","高德直线约 2.92 km","https://ditu.amap.com/search?query=%E4%B8%8A%E6%B5%B7%E5%B8%82%E5%BE%90%E6%B1%87%E5%8C%BA%20%E9%BE%99%E5%B1%B1%E5%B9%BC%E5%84%BF%E5%9B%AD%20%E4%B8%80%E5%88%86%E5%9B%AD%20%E5%AE%9B%E5%8D%97%E5%9B%9B%E6%9D%9116%E5%8F%B7","64383244","1","4","天一二、天三、天四、宛南一二、宛三、宛四、宛五、宛六、庄家宅、黄家宅、华容、龙山一、龙山二、徐汇苑","固定对口","A","","上海本地宝《2026徐汇区幼儿园招生对口地段及招生计划班级数》，2026-04-15：https://m.sh.bendibao.com/edu/305291.html；上海本地宝《上海市徐汇区公办幼儿园名单一览》，内容来源标注为上海学前教育网，2024-03-25：https://m.sh.bendibao.com/edu/284155.html"
"9","公办","公办","一级","龙山幼儿园","枫林/宛南","二分园","中山南二路999弄5号","上海市徐汇区龙山幼儿园二分园","中山南二路999弄5号","121.447293,31.181380","高德直线约 3.00 km","https://ditu.amap.com/search?query=%E4%B8%8A%E6%B5%B7%E5%B8%82%E5%BE%90%E6%B1%87%E5%8C%BA%20%E9%BE%99%E5%B1%B1%E5%B9%BC%E5%84%BF%E5%9B%AD%20%E4%BA%8C%E5%88%86%E5%9B%AD%20%E4%B8%AD%E5%B1%B1%E5%8D%97%E4%BA%8C%E8%B7%AF999%E5%BC%845%E5%8F%B7","64869504","1","4","天一二、天三、天四、宛南一二、宛三、宛四、宛五、宛六、庄家宅、黄家宅、华容、龙山一、龙山二、徐汇苑","固定对口","A","","上海本地宝《2026徐汇区幼儿园招生对口地段及招生计划班级数》，2026-04-15：https://m.sh.bendibao.com/edu/305291.html；上海本地宝《上海市徐汇区公办幼儿园名单一览》，内容来源标注为上海学前教育网，2024-03-25：https://m.sh.bendibao.com/edu/284155.html"
"9","公办","公办","一级","龙山幼儿园","枫林/宛南","本部","天钥新村90号","龙山幼儿园(总园)","天钥新村90","121.447837,31.185665","高德直线约 3.43 km","https://ditu.amap.com/search?query=%E4%B8%8A%E6%B5%B7%E5%B8%82%E5%BE%90%E6%B1%87%E5%8C%BA%20%E9%BE%99%E5%B1%B1%E5%B9%BC%E5%84%BF%E5%9B%AD%20%E6%9C%AC%E9%83%A8%20%E5%A4%A9%E9%92%A5%E6%96%B0%E6%9D%9190%E5%8F%B7","64383295","1","4","天一二、天三、天四、宛南一二、宛三、宛四、宛五、宛六、庄家宅、黄家宅、华容、龙山一、龙山二、徐汇苑","固定对口","A","","上海本地宝《2026徐汇区幼儿园招生对口地段及招生计划班级数》，2026-04-15：https://m.sh.bendibao.com/edu/305291.html；上海本地宝《上海市徐汇区公办幼儿园名单一览》，内容来源标注为上海学前教育网，2024-03-25：https://m.sh.bendibao.com/edu/284155.html"
"10","公办","公办","一级","龙华幼儿园","龙华/西岸","丰谷园","丰谷路205弄34号","待高德MCP查询","待高德MCP查询","待高德MCP查询","待高德MCP查询","https://ditu.amap.com/search?query=%E4%B8%8A%E6%B5%B7%E5%B8%82%E5%BE%90%E6%B1%87%E5%8C%BA%20%E9%BE%99%E5%8D%8E%E5%B9%BC%E5%84%BF%E5%9B%AD%20%E4%B8%B0%E8%B0%B7%E5%9B%AD%20%E4%B8%B0%E8%B0%B7%E8%B7%AF205%E5%BC%8434%E5%8F%B7","64280780","2","5","上缝、强生、东蔡、狮城、佳友、华富、宏润花园、漕溪四村单号、丰谷、云锦、机场、尚海湾、盛大、民苑、丰谷三、俞一、俞二、俞三、龙华新村、周家湾、汇龙、红馨、百汇园","固定对口","A","","上海本地宝《2026徐汇区幼儿园招生对口地段及招生计划班级数》，2026-04-15：https://m.sh.bendibao.com/edu/305291.html；上海本地宝《上海市徐汇区公办幼儿园名单一览》，内容来源标注为上海学前教育网，2024-03-25：https://m.sh.bendibao.com/edu/284155.html"
"10","公办","公办","一级","龙华幼儿园","龙华/西岸","龙恒园","龙华西路31弄15号","上海市徐汇区龙华幼儿园(龙恒园)","龙华西路31弄15号","121.452231,31.169864","高德直线约 1.63 km","https://ditu.amap.com/search?query=%E4%B8%8A%E6%B5%B7%E5%B8%82%E5%BE%90%E6%B1%87%E5%8C%BA%20%E9%BE%99%E5%8D%8E%E5%B9%BC%E5%84%BF%E5%9B%AD%20%E9%BE%99%E6%81%92%E5%9B%AD%20%E9%BE%99%E5%8D%8E%E8%A5%BF%E8%B7%AF31%E5%BC%8415%E5%8F%B7","64576761","2","5","上缝、强生、东蔡、狮城、佳友、华富、宏润花园、漕溪四村单号、丰谷、云锦、机场、尚海湾、盛大、民苑、丰谷三、俞一、俞二、俞三、龙华新村、周家湾、汇龙、红馨、百汇园","固定对口","A","","上海本地宝《2026徐汇区幼儿园招生对口地段及招生计划班级数》，2026-04-15：https://m.sh.bendibao.com/edu/305291.html；上海本地宝《上海市徐汇区公办幼儿园名单一览》，内容来源标注为上海学前教育网，2024-03-25：https://m.sh.bendibao.com/edu/284155.html"
"10","公办","公办","一级","龙华幼儿园","龙华/西岸","龙华园","龙华西路285弄14号","上海市徐汇区龙华幼儿园(龙华园)","龙华西路285弄14号","121.446108,31.172523","高德直线约 2.18 km","https://ditu.amap.com/search?query=%E4%B8%8A%E6%B5%B7%E5%B8%82%E5%BE%90%E6%B1%87%E5%8C%BA%20%E9%BE%99%E5%8D%8E%E5%B9%BC%E5%84%BF%E5%9B%AD%20%E9%BE%99%E5%8D%8E%E5%9B%AD%20%E9%BE%99%E5%8D%8E%E8%A5%BF%E8%B7%AF285%E5%BC%8414%E5%8F%B7","64571589","2","5","上缝、强生、东蔡、狮城、佳友、华富、宏润花园、漕溪四村单号、丰谷、云锦、机场、尚海湾、盛大、民苑、丰谷三、俞一、俞二、俞三、龙华新村、周家湾、汇龙、红馨、百汇园","固定对口","A","","上海本地宝《2026徐汇区幼儿园招生对口地段及招生计划班级数》，2026-04-15：https://m.sh.bendibao.com/edu/305291.html；上海本地宝《上海市徐汇区公办幼儿园名单一览》，内容来源标注为上海学前教育网，2024-03-25：https://m.sh.bendibao.com/edu/284155.html"
"11","公办","公办","一级","汇霖幼儿园","田林/虹桥","吴中园","吴中东路500弄67号","上海市徐汇区汇霖幼儿园(吴中园)","吴中东路500弄67号","121.422704,31.191453","高德直线约 5.21 km","https://ditu.amap.com/search?query=%E4%B8%8A%E6%B5%B7%E5%B8%82%E5%BE%90%E6%B1%87%E5%8C%BA%20%E6%B1%87%E9%9C%96%E5%B9%BC%E5%84%BF%E5%9B%AD%20%E5%90%B4%E4%B8%AD%E5%9B%AD%20%E5%90%B4%E4%B8%AD%E4%B8%9C%E8%B7%AF500%E5%BC%8467%E5%8F%B7","62196848","1","4","古宜、长春、吴中、桂林苑、虹南、虹星、怡桂苑、钦北、华悦家园、鑫耀","固定对口","A","","上海本地宝《2026徐汇区幼儿园招生对口地段及招生计划班级数》，2026-04-15：https://m.sh.bendibao.com/edu/305291.html；上海本地宝《上海市徐汇区公办幼儿园名单一览》，内容来源标注为上海学前教育网，2024-03-25：https://m.sh.bendibao.com/edu/284155.html"
"11","公办","公办","一级","汇霖幼儿园","田林/虹桥","钦州园","钦州北路898号","上海市徐汇区汇霖幼儿园(钦州园区)","钦州北路898号(桂林路地铁站12号口步行350米)","121.412308,31.180895","高德直线约 5.22 km","https://ditu.amap.com/search?query=%E4%B8%8A%E6%B5%B7%E5%B8%82%E5%BE%90%E6%B1%87%E5%8C%BA%20%E6%B1%87%E9%9C%96%E5%B9%BC%E5%84%BF%E5%9B%AD%20%E9%92%A6%E5%B7%9E%E5%9B%AD%20%E9%92%A6%E5%B7%9E%E5%8C%97%E8%B7%AF898%E5%8F%B7","64668657","1","4","古宜、长春、吴中、桂林苑、虹南、虹星、怡桂苑、钦北、华悦家园、鑫耀","固定对口","A","","上海本地宝《2026徐汇区幼儿园招生对口地段及招生计划班级数》，2026-04-15：https://m.sh.bendibao.com/edu/305291.html；上海本地宝《上海市徐汇区公办幼儿园名单一览》，内容来源标注为上海学前教育网，2024-03-25：https://m.sh.bendibao.com/edu/284155.html"
"12","公办","公办","二级","阳光幼儿园","龙华/滨江","中大班部","天钥桥南路1249弄11号","上海市徐汇区阳光幼儿园(中大班部)","天钥桥南路1249弄11号","121.457330,31.151725","高德直线约 0.54 km","https://ditu.amap.com/search?query=%E4%B8%8A%E6%B5%B7%E5%B8%82%E5%BE%90%E6%B1%87%E5%8C%BA%20%E9%98%B3%E5%85%89%E5%B9%BC%E5%84%BF%E5%9B%AD%20%E4%B8%AD%E5%A4%A7%E7%8F%AD%E9%83%A8%20%E5%A4%A9%E9%92%A5%E6%A1%A5%E5%8D%97%E8%B7%AF1249%E5%BC%8411%E5%8F%B7","54095768","1","3","龙南三四、龙南五、龙南六、龙南七、滨江、樟树苑、东泉、张家园","固定对口","A","","上海本地宝《2026徐汇区幼儿园招生对口地段及招生计划班级数》，2026-04-15：https://m.sh.bendibao.com/edu/305291.html；上海本地宝《上海市徐汇区公办幼儿园名单一览》，内容来源标注为上海学前教育网，2024-03-25：https://m.sh.bendibao.com/edu/284155.html"
"12","公办","公办","二级","阳光幼儿园","龙华/滨江","小班部","龙水南路龙南三村7号","上海市徐汇区阳光幼儿园(小班部)","龙南三村7号","121.458110,31.155090","高德直线约 0.17 km","https://ditu.amap.com/search?query=%E4%B8%8A%E6%B5%B7%E5%B8%82%E5%BE%90%E6%B1%87%E5%8C%BA%20%E9%98%B3%E5%85%89%E5%B9%BC%E5%84%BF%E5%9B%AD%20%E5%B0%8F%E7%8F%AD%E9%83%A8%20%E9%BE%99%E6%B0%B4%E5%8D%97%E8%B7%AF%E9%BE%99%E5%8D%97%E4%B8%89%E6%9D%917%E5%8F%B7","021-34604160","1","3","龙南三四、龙南五、龙南六、龙南七、滨江、樟树苑、东泉、张家园","固定对口","A","","上海本地宝《2026徐汇区幼儿园招生对口地段及招生计划班级数》，2026-04-15：https://m.sh.bendibao.com/edu/305291.html；上海本地宝《上海市徐汇区公办幼儿园名单一览》，内容来源标注为上海学前教育网，2024-03-25：https://m.sh.bendibao.com/edu/284155.html"
"13","公办","公办","二级","漕溪新村幼儿园","漕溪/龙漕","中大班部","龙漕路139号","上海市徐汇区漕溪新村幼儿园(中大班部)","龙漕路139号(龙漕路地铁站5号口步行280米)","121.439944,31.169669","高德直线约 2.34 km","https://ditu.amap.com/search?query=%E4%B8%8A%E6%B5%B7%E5%B8%82%E5%BE%90%E6%B1%87%E5%8C%BA%20%E6%BC%95%E6%BA%AA%E6%96%B0%E6%9D%91%E5%B9%BC%E5%84%BF%E5%9B%AD%20%E4%B8%AD%E5%A4%A7%E7%8F%AD%E9%83%A8%20%E9%BE%99%E6%BC%95%E8%B7%AF139%E5%8F%B7","64823976","1","3","金谷园、南一村一、南一村二、漕溪四村双号、凯翔、龙漕、嘉萱苑、漕东","固定对口","A","","上海本地宝《2026徐汇区幼儿园招生对口地段及招生计划班级数》，2026-04-15：https://m.sh.bendibao.com/edu/305291.html；上海本地宝《上海市徐汇区公办幼儿园名单一览》，内容来源标注为上海学前教育网，2024-03-25：https://m.sh.bendibao.com/edu/284155.html"
"13","公办","公办","二级","漕溪新村幼儿园","漕溪/龙漕","小班部","漕东路193号","上海市徐汇区漕溪新村幼儿园(小班部)","漕东路193号(漕溪路地铁站2号口步行480米)","121.438802,31.173226","高德直线约 2.69 km","https://ditu.amap.com/search?query=%E4%B8%8A%E6%B5%B7%E5%B8%82%E5%BE%90%E6%B1%87%E5%8C%BA%20%E6%BC%95%E6%BA%AA%E6%96%B0%E6%9D%91%E5%B9%BC%E5%84%BF%E5%9B%AD%20%E5%B0%8F%E7%8F%AD%E9%83%A8%20%E6%BC%95%E4%B8%9C%E8%B7%AF193%E5%8F%B7","34616320","1","3","金谷园、南一村一、南一村二、漕溪四村双号、凯翔、龙漕、嘉萱苑、漕东","固定对口","A","","上海本地宝《2026徐汇区幼儿园招生对口地段及招生计划班级数》，2026-04-15：https://m.sh.bendibao.com/edu/305291.html；上海本地宝《上海市徐汇区公办幼儿园名单一览》，内容来源标注为上海学前教育网，2024-03-25：https://m.sh.bendibao.com/edu/284155.html"
"14","公办","公办","示范园","望德幼儿园","康健/南站","冠生园","冠生园路28号","上海市徐汇区望德幼儿园(冠生园)","冠生园路28号","121.432425,31.163607","高德直线约 2.66 km","https://ditu.amap.com/search?query=%E4%B8%8A%E6%B5%B7%E5%B8%82%E5%BE%90%E6%B1%87%E5%8C%BA%20%E6%9C%9B%E5%BE%B7%E5%B9%BC%E5%84%BF%E5%9B%AD%20%E5%86%A0%E7%94%9F%E5%9B%AD%20%E5%86%A0%E7%94%9F%E5%9B%AD%E8%B7%AF28%E5%8F%B7","64751426","4","8","康健路、习勤、薛家宅、科苑、九弄、中海、梓树园、月河、宾阳、馨汇南苑、公园道","固定对口","A","","上海本地宝《2026徐汇区幼儿园招生对口地段及招生计划班级数》，2026-04-15：https://m.sh.bendibao.com/edu/305291.html；上海本地宝《上海市徐汇区公办幼儿园名单一览》，内容来源标注为上海学前教育网，2024-03-25：https://m.sh.bendibao.com/edu/284155.html"
"14","公办","公办","示范园","望德幼儿园","康健/南站","南宁园","南宁路636号","待高德MCP查询","待高德MCP查询","待高德MCP查询","待高德MCP查询","https://ditu.amap.com/search?query=%E4%B8%8A%E6%B5%B7%E5%B8%82%E5%BE%90%E6%B1%87%E5%8C%BA%20%E6%9C%9B%E5%BE%B7%E5%B9%BC%E5%84%BF%E5%9B%AD%20%E5%8D%97%E5%AE%81%E5%9B%AD%20%E5%8D%97%E5%AE%81%E8%B7%AF636%E5%8F%B7","64751426","4","8","康健路、习勤、薛家宅、科苑、九弄、中海、梓树园、月河、宾阳、馨汇南苑、公园道","固定对口","A","","上海本地宝《2026徐汇区幼儿园招生对口地段及招生计划班级数》，2026-04-15：https://m.sh.bendibao.com/edu/305291.html；上海本地宝《上海市徐汇区公办幼儿园名单一览》，内容来源标注为上海学前教育网，2024-03-25：https://m.sh.bendibao.com/edu/284155.html"
"15","公办","公办","一级","瑞德幼儿园","长桥/汇成","楼园园","老沪闵路706弄37号","上海市徐汇区瑞德幼儿园(金塘部)","老沪闵路333弄70号","121.424046,31.147289","高德直线约 3.48 km","https://ditu.amap.com/search?query=%E4%B8%8A%E6%B5%B7%E5%B8%82%E5%BE%90%E6%B1%87%E5%8C%BA%20%E7%91%9E%E5%BE%B7%E5%B9%BC%E5%84%BF%E5%9B%AD%20%E6%A5%BC%E5%9B%AD%E5%9B%AD%20%E8%80%81%E6%B2%AA%E9%97%B5%E8%B7%AF706%E5%BC%8437%E5%8F%B7","021-64234155","2","3","汇成一村、汇成二村、汇成三村、汇成四村、华东二、楼园、金牛、挹翠苑、罗城、光华、汇澜苑、金塘","固定对口","A","","上海本地宝《2026徐汇区幼儿园招生对口地段及招生计划班级数》，2026-04-15：https://m.sh.bendibao.com/edu/305291.html；上海本地宝《上海市徐汇区公办幼儿园名单一览》，内容来源标注为上海学前教育网，2024-03-25：https://m.sh.bendibao.com/edu/284155.html"
"15","公办","公办","一级","瑞德幼儿园","长桥/汇成","金塘园","老沪闵路333弄70号","上海市徐汇区瑞德幼儿园(金塘部)","老沪闵路333弄70号","121.424046,31.147289","高德直线约 3.48 km","https://ditu.amap.com/search?query=%E4%B8%8A%E6%B5%B7%E5%B8%82%E5%BE%90%E6%B1%87%E5%8C%BA%20%E7%91%9E%E5%BE%B7%E5%B9%BC%E5%84%BF%E5%9B%AD%20%E9%87%91%E5%A1%98%E5%9B%AD%20%E8%80%81%E6%B2%AA%E9%97%B5%E8%B7%AF333%E5%BC%8470%E5%8F%B7","54963078","2","3","汇成一村、汇成二村、汇成三村、汇成四村、华东二、楼园、金牛、挹翠苑、罗城、光华、汇澜苑、金塘","固定对口","A","","上海本地宝《2026徐汇区幼儿园招生对口地段及招生计划班级数》，2026-04-15：https://m.sh.bendibao.com/edu/305291.html；上海本地宝《上海市徐汇区公办幼儿园名单一览》，内容来源标注为上海学前教育网，2024-03-25：https://m.sh.bendibao.com/edu/284155.html"
"16","公办","公办","一级","益思幼儿园","田林/漕河泾","东园","田林九村6号","上海市徐汇区益思幼儿园(东园)","田林九村6号","121.421545,31.172257","高德直线约 3.98 km","https://ditu.amap.com/search?query=%E4%B8%8A%E6%B5%B7%E5%B8%82%E5%BE%90%E6%B1%87%E5%8C%BA%20%E7%9B%8A%E6%80%9D%E5%B9%BC%E5%84%BF%E5%9B%AD%20%E4%B8%9C%E5%9B%AD%20%E7%94%B0%E6%9E%97%E4%B9%9D%E6%9D%916%E5%8F%B7","64361935","1","2","田林一二村、田林五六七村、田林八九十村、田林十三村、田林十一村、千鹤三、爱建园、万科华尔兹、新苑一二、新苑三四、新苑五六七、田林十四村第一、田林十四村第二","固定对口","A","","上海本地宝《2026徐汇区幼儿园招生对口地段及招生计划班级数》，2026-04-15：https://m.sh.bendibao.com/edu/305291.html；上海本地宝《上海市徐汇区公办幼儿园名单一览》，内容来源标注为上海学前教育网，2024-03-25：https://m.sh.bendibao.com/edu/284155.html"
"16","公办","公办","一级","益思幼儿园","田林/漕河泾","西园","宜山路701弄53号","上海市徐汇区益思幼儿园(西园)","宜山路701弄53号(桂林路地铁站4号口步行430米)","121.418573,31.173443","高德直线约 4.29 km","https://ditu.amap.com/search?query=%E4%B8%8A%E6%B5%B7%E5%B8%82%E5%BE%90%E6%B1%87%E5%8C%BA%20%E7%9B%8A%E6%80%9D%E5%B9%BC%E5%84%BF%E5%9B%AD%20%E8%A5%BF%E5%9B%AD%20%E5%AE%9C%E5%B1%B1%E8%B7%AF701%E5%BC%8453%E5%8F%B7","64361935","1","2","田林一二村、田林五六七村、田林八九十村、田林十三村、田林十一村、千鹤三、爱建园、万科华尔兹、新苑一二、新苑三四、新苑五六七、田林十四村第一、田林十四村第二","固定对口","A","","上海本地宝《2026徐汇区幼儿园招生对口地段及招生计划班级数》，2026-04-15：https://m.sh.bendibao.com/edu/305291.html；上海本地宝《上海市徐汇区公办幼儿园名单一览》，内容来源标注为上海学前教育网，2024-03-25：https://m.sh.bendibao.com/edu/284155.html"
"17","公办","公办","一级","樱花园幼儿园","康健/桂林","南园","百花街398号","待高德MCP查询","待高德MCP查询","待高德MCP查询","待高德MCP查询","https://ditu.amap.com/search?query=%E4%B8%8A%E6%B5%B7%E5%B8%82%E5%BE%90%E6%B1%87%E5%8C%BA%20%E6%A8%B1%E8%8A%B1%E5%9B%AD%E5%B9%BC%E5%84%BF%E5%9B%AD%20%E5%8D%97%E5%9B%AD%20%E7%99%BE%E8%8A%B1%E8%A1%97398%E5%8F%B7","021-54181491","2","3","月季百藤、樱花园、茶花桂花、丁香迎春、玉兰园、寿益坊（海上华庭）、紫鹃园、紫薇园（牡丹园、玫瑰园）、金桂苑、紫荆党校","固定对口","A","","上海本地宝《2026徐汇区幼儿园招生对口地段及招生计划班级数》，2026-04-15：https://m.sh.bendibao.com/edu/305291.html；上海本地宝《上海市徐汇区公办幼儿园名单一览》，内容来源标注为上海学前教育网，2024-03-25：https://m.sh.bendibao.com/edu/284155.html"
"17","公办","公办","一级","樱花园幼儿园","康健/桂林","北园","虹漕南路杨家桥88号","上海市徐汇区樱花园幼儿园(北园)","虹漕南路杨家桥88号","121.411201,31.162605","高德直线约 4.61 km","https://ditu.amap.com/search?query=%E4%B8%8A%E6%B5%B7%E5%B8%82%E5%BE%90%E6%B1%87%E5%8C%BA%20%E6%A8%B1%E8%8A%B1%E5%9B%AD%E5%B9%BC%E5%84%BF%E5%9B%AD%20%E5%8C%97%E5%9B%AD%20%E8%99%B9%E6%BC%95%E5%8D%97%E8%B7%AF%E6%9D%A8%E5%AE%B6%E6%A1%A588%E5%8F%B7","54362050","2","3","月季百藤、樱花园、茶花桂花、丁香迎春、玉兰园、寿益坊（海上华庭）、紫鹃园、紫薇园（牡丹园、玫瑰园）、金桂苑、紫荆党校","固定对口","A","","上海本地宝《2026徐汇区幼儿园招生对口地段及招生计划班级数》，2026-04-15：https://m.sh.bendibao.com/edu/305291.html；上海本地宝《上海市徐汇区公办幼儿园名单一览》，内容来源标注为上海学前教育网，2024-03-25：https://m.sh.bendibao.com/edu/284155.html"
"18","公办","公办","二级","长海幼儿园","康健/桂林","本部","桂林西街15弄2号","上海市徐汇区长海幼儿园","桂林西街15弄2号","121.415823,31.155405","高德直线约 4.11 km","https://ditu.amap.com/search?query=%E4%B8%8A%E6%B5%B7%E5%B8%82%E5%BE%90%E6%B1%87%E5%8C%BA%20%E9%95%BF%E6%B5%B7%E5%B9%BC%E5%84%BF%E5%9B%AD%20%E6%9C%AC%E9%83%A8%20%E6%A1%82%E6%9E%97%E8%A5%BF%E8%A1%9715%E5%BC%842%E5%8F%B7","54208285","混龄式招生","2","长顺海、长虹坊、长青坊、长丰坊、长兴坊、师大新村、桂康","固定对口","A","","上海本地宝《2026徐汇区幼儿园招生对口地段及招生计划班级数》，2026-04-15：https://m.sh.bendibao.com/edu/305291.html；上海本地宝《上海市徐汇区公办幼儿园名单一览》，内容来源标注为上海学前教育网，2024-03-25：https://m.sh.bendibao.com/edu/284155.html"
"19","公办","公办","二级","康沁幼儿园","康健/桂林","本部","桂林西街151弄20号甲","上海市徐汇区康沁幼儿园","桂林西街151弄20号甲","121.421715,31.151763","高德直线约 3.59 km","https://ditu.amap.com/search?query=%E4%B8%8A%E6%B5%B7%E5%B8%82%E5%BE%90%E6%B1%87%E5%8C%BA%20%E5%BA%B7%E6%B2%81%E5%B9%BC%E5%84%BF%E5%9B%AD%20%E6%9C%AC%E9%83%A8%20%E6%A1%82%E6%9E%97%E8%A5%BF%E8%A1%97151%E5%BC%8420%E5%8F%B7%E7%94%B2","54363105","混龄式招生","2","寿昌山、寿祥坊、寿益坊（寿益坊、桂林西街101弄）、康乐、桂二、冠生园、康宁馨、康强海（康强坊）","固定对口","A","","上海本地宝《2026徐汇区幼儿园招生对口地段及招生计划班级数》，2026-04-15：https://m.sh.bendibao.com/edu/305291.html；上海本地宝《上海市徐汇区公办幼儿园名单一览》，内容来源标注为上海学前教育网，2024-03-25：https://m.sh.bendibao.com/edu/284155.html"
"20","公办","公办","一级","长桥第一幼儿园","长桥","本部","长桥一村56号","上海市徐汇区长桥第一幼儿园","长桥一村56号","121.437856,31.136245","高德直线约 3.01 km","https://ditu.amap.com/search?query=%E4%B8%8A%E6%B5%B7%E5%B8%82%E5%BE%90%E6%B1%87%E5%8C%BA%20%E9%95%BF%E6%A1%A5%E7%AC%AC%E4%B8%80%E5%B9%BC%E5%84%BF%E5%9B%AD%20%E6%9C%AC%E9%83%A8%20%E9%95%BF%E6%A1%A5%E4%B8%80%E6%9D%9156%E5%8F%B7","64100149","混龄式招生","2","长桥一村、长桥五村（书香逸居、长桥五村）、闵朱、舒城","固定对口","A","","上海本地宝《2026徐汇区幼儿园招生对口地段及招生计划班级数》，2026-04-15：https://m.sh.bendibao.com/edu/305291.html；上海本地宝《上海市徐汇区公办幼儿园名单一览》，内容来源标注为上海学前教育网，2024-03-25：https://m.sh.bendibao.com/edu/284155.html"
"21","公办","公办","一级","长桥第二幼儿园","长桥/凌云","凌云园","梅陇十一村97号","上海市徐汇区长桥第二幼儿园(凌云园)","梅陇十一村97号","121.427022,31.131789","高德直线约 4.09 km","https://ditu.amap.com/search?query=%E4%B8%8A%E6%B5%B7%E5%B8%82%E5%BE%90%E6%B1%87%E5%8C%BA%20%E9%95%BF%E6%A1%A5%E7%AC%AC%E4%BA%8C%E5%B9%BC%E5%84%BF%E5%9B%AD%20%E5%87%8C%E4%BA%91%E5%9B%AD%20%E6%A2%85%E9%99%87%E5%8D%81%E4%B8%80%E6%9D%9197%E5%8F%B7","34318987","2","4","长桥新村一、长桥新二村、长桥七村、兴荣苑、和平、龙州、梅陇十一第一、梅陇十一第二、陇南、闵秀","固定对口","A","","上海本地宝《2026徐汇区幼儿园招生对口地段及招生计划班级数》，2026-04-15：https://m.sh.bendibao.com/edu/305291.html；上海本地宝《上海市徐汇区公办幼儿园名单一览》，内容来源标注为上海学前教育网，2024-03-25：https://m.sh.bendibao.com/edu/284155.html"
"21","公办","公办","一级","长桥第二幼儿园","长桥/凌云","长桥园","长桥二村34号","上海市徐汇区长桥第二幼儿园(长桥园)","长桥二村34号","121.441523,31.137059","高德直线约 2.72 km","https://ditu.amap.com/search?query=%E4%B8%8A%E6%B5%B7%E5%B8%82%E5%BE%90%E6%B1%87%E5%8C%BA%20%E9%95%BF%E6%A1%A5%E7%AC%AC%E4%BA%8C%E5%B9%BC%E5%84%BF%E5%9B%AD%20%E9%95%BF%E6%A1%A5%E5%9B%AD%20%E9%95%BF%E6%A1%A5%E4%BA%8C%E6%9D%9134%E5%8F%B7","64102557","2","4","长桥新村一、长桥新二村、长桥七村、兴荣苑、和平、龙州、梅陇十一第一、梅陇十一第二、陇南、闵秀","固定对口","A","","上海本地宝《2026徐汇区幼儿园招生对口地段及招生计划班级数》，2026-04-15：https://m.sh.bendibao.com/edu/305291.html；上海本地宝《上海市徐汇区公办幼儿园名单一览》，内容来源标注为上海学前教育网，2024-03-25：https://m.sh.bendibao.com/edu/284155.html"
"22","公办","公办","一级","长桥第三幼儿园","长桥","长桥园","长桥三村124号","上海市徐汇区长桥第三幼儿园(长桥园)","长桥三村124号","121.441011,31.134607","高德直线约 2.97 km","https://ditu.amap.com/search?query=%E4%B8%8A%E6%B5%B7%E5%B8%82%E5%BE%90%E6%B1%87%E5%8C%BA%20%E9%95%BF%E6%A1%A5%E7%AC%AC%E4%B8%89%E5%B9%BC%E5%84%BF%E5%9B%AD%20%E9%95%BF%E6%A1%A5%E5%9B%AD%20%E9%95%BF%E6%A1%A5%E4%B8%89%E6%9D%91124%E5%8F%B7","64102397","2","5","长桥三村一、长桥三村二（长桥三村东区）、长桥八村、平福、长桥四村","固定对口","A","","上海本地宝《2026徐汇区幼儿园招生对口地段及招生计划班级数》，2026-04-15：https://m.sh.bendibao.com/edu/305291.html；上海本地宝《上海市徐汇区公办幼儿园名单一览》，内容来源标注为上海学前教育网，2024-03-25：https://m.sh.bendibao.com/edu/284155.html"
"22","公办","公办","一级","长桥第三幼儿园","长桥","平福园","上中路483弄32号","上海市徐汇区长桥第三幼儿园(平福园)","上中路483弄32号","121.448286,31.140012","高德直线约 2.09 km","https://ditu.amap.com/search?query=%E4%B8%8A%E6%B5%B7%E5%B8%82%E5%BE%90%E6%B1%87%E5%8C%BA%20%E9%95%BF%E6%A1%A5%E7%AC%AC%E4%B8%89%E5%B9%BC%E5%84%BF%E5%9B%AD%20%E5%B9%B3%E7%A6%8F%E5%9B%AD%20%E4%B8%8A%E4%B8%AD%E8%B7%AF483%E5%BC%8432%E5%8F%B7","64102397","2","5","长桥三村一、长桥三村二（长桥三村东区）、长桥八村、平福、长桥四村","固定对口","A","","上海本地宝《2026徐汇区幼儿园招生对口地段及招生计划班级数》，2026-04-15：https://m.sh.bendibao.com/edu/305291.html；上海本地宝《上海市徐汇区公办幼儿园名单一览》，内容来源标注为上海学前教育网，2024-03-25：https://m.sh.bendibao.com/edu/284155.html"
"23","公办","公办","一级","园南幼儿园","长桥/园南","本部","龙川北路园南一村27号","上海市徐汇区园南幼儿园","园南一村27号","121.440190,31.141129","高德直线约 2.47 km","https://ditu.amap.com/search?query=%E4%B8%8A%E6%B5%B7%E5%B8%82%E5%BE%90%E6%B1%87%E5%8C%BA%20%E5%9B%AD%E5%8D%97%E5%B9%BC%E5%84%BF%E5%9B%AD%20%E6%9C%AC%E9%83%A8%20%E9%BE%99%E5%B7%9D%E5%8C%97%E8%B7%AF%E5%9B%AD%E5%8D%97%E4%B8%80%E6%9D%9127%E5%8F%B7","64763190","1","3","园南一村、园南二村、园南三村、汇成五村、华东一","固定对口","A","","上海本地宝《2026徐汇区幼儿园招生对口地段及招生计划班级数》，2026-04-15：https://m.sh.bendibao.com/edu/305291.html；上海本地宝《上海市徐汇区公办幼儿园名单一览》，内容来源标注为上海学前教育网，2024-03-25：https://m.sh.bendibao.com/edu/284155.html"
"24","公办","公办","示范园","梅陇幼儿园","凌云/梅陇","嘉川园","梅陇四村56号甲","上海市徐汇区梅陇幼儿园(嘉川园)","梅陇四村56号甲","121.421073,31.137521","高德直线约 4.18 km","https://ditu.amap.com/search?query=%E4%B8%8A%E6%B5%B7%E5%B8%82%E5%BE%90%E6%B1%87%E5%8C%BA%20%E6%A2%85%E9%99%87%E5%B9%BC%E5%84%BF%E5%9B%AD%20%E5%98%89%E5%B7%9D%E5%9B%AD%20%E6%A2%85%E9%99%87%E5%9B%9B%E6%9D%9156%E5%8F%B7%E7%94%B2","64100015","2","5","梅三、梅六、梅苑一、梅苑二、凌云、梅四、理工一、理工二、华理苑、书香苑、家乐苑、阳光（阳光新景）","固定对口","A","","上海本地宝《2026徐汇区幼儿园招生对口地段及招生计划班级数》，2026-04-15：https://m.sh.bendibao.com/edu/305291.html；上海本地宝《上海市徐汇区公办幼儿园名单一览》，内容来源标注为上海学前教育网，2024-03-25：https://m.sh.bendibao.com/edu/284155.html"
"24","公办","公办","示范园","梅陇幼儿园","凌云/梅陇","梅陇园","梅陇六村65号","上海市徐汇区梅陇幼儿园(梅陇园)","梅陇六村65号","121.419034,31.133842","高德直线约 4.56 km","https://ditu.amap.com/search?query=%E4%B8%8A%E6%B5%B7%E5%B8%82%E5%BE%90%E6%B1%87%E5%8C%BA%20%E6%A2%85%E9%99%87%E5%B9%BC%E5%84%BF%E5%9B%AD%20%E6%A2%85%E9%99%87%E5%9B%AD%20%E6%A2%85%E9%99%87%E5%85%AD%E6%9D%9165%E5%8F%B7","64100015","2","5","梅三、梅六、梅苑一、梅苑二、凌云、梅四、理工一、理工二、华理苑、书香苑、家乐苑、阳光（阳光新景）","固定对口","A","","上海本地宝《2026徐汇区幼儿园招生对口地段及招生计划班级数》，2026-04-15：https://m.sh.bendibao.com/edu/305291.html；上海本地宝《上海市徐汇区公办幼儿园名单一览》，内容来源标注为上海学前教育网，2024-03-25：https://m.sh.bendibao.com/edu/284155.html"
"25","公办","公办","二级","梅陇第二幼儿园","凌云/梅陇","本部","梅陇五村54号","上海市徐汇区梅陇第二幼儿园","梅陇五村54号","121.421629,31.135390","高德直线约 4.26 km","https://ditu.amap.com/search?query=%E4%B8%8A%E6%B5%B7%E5%B8%82%E5%BE%90%E6%B1%87%E5%8C%BA%20%E6%A2%85%E9%99%87%E7%AC%AC%E4%BA%8C%E5%B9%BC%E5%84%BF%E5%9B%AD%20%E6%9C%AC%E9%83%A8%20%E6%A2%85%E9%99%87%E4%BA%94%E6%9D%9154%E5%8F%B7","64775092","混龄式招生","2","梅陇五村、梅陇七村、梅陇八村、梅陇十村、梅陇九村、阳光（阳光绿园）、长陇苑","固定对口","A","","上海本地宝《2026徐汇区幼儿园招生对口地段及招生计划班级数》，2026-04-15：https://m.sh.bendibao.com/edu/305291.html；上海本地宝《上海市徐汇区公办幼儿园名单一览》，内容来源标注为上海学前教育网，2024-03-25：https://m.sh.bendibao.com/edu/284155.html"
"26","公办","公办","一级","华建幼儿园","华泾","本部","老沪闵路1300号","上海市徐汇区华建幼儿园","老沪闵路1300号","121.439517,31.119198","高德直线约 4.54 km","https://ditu.amap.com/search?query=%E4%B8%8A%E6%B5%B7%E5%B8%82%E5%BE%90%E6%B1%87%E5%8C%BA%20%E5%8D%8E%E5%BB%BA%E5%B9%BC%E5%84%BF%E5%9B%AD%20%E6%9C%AC%E9%83%A8%20%E8%80%81%E6%B2%AA%E9%97%B5%E8%B7%AF1300%E5%8F%B7","2164548743","1","3","华建、建华村、北杨村","固定对口","A","","上海本地宝《2026徐汇区幼儿园招生对口地段及招生计划班级数》，2026-04-15：https://m.sh.bendibao.com/edu/305291.html；上海本地宝《上海市徐汇区公办幼儿园名单一览》，内容来源标注为上海学前教育网，2024-03-25：https://m.sh.bendibao.com/edu/284155.html"
"27","公办","公办","一级","位育幼儿园","华泾","本部","建华路102号","上海市徐汇区位育幼儿园","建华路102号","121.445555,31.121767","高德直线约 4.06 km","https://ditu.amap.com/search?query=%E4%B8%8A%E6%B5%B7%E5%B8%82%E5%BE%90%E6%B1%87%E5%8C%BA%20%E4%BD%8D%E8%82%B2%E5%B9%BC%E5%84%BF%E5%9B%AD%20%E6%9C%AC%E9%83%A8%20%E5%BB%BA%E5%8D%8E%E8%B7%AF102%E5%8F%B7","64960505","2","2","华泾四村、华泾五村、漓江山水、联合居委","固定对口","A","","上海本地宝《2026徐汇区幼儿园招生对口地段及招生计划班级数》，2026-04-15：https://m.sh.bendibao.com/edu/305291.html；上海本地宝《上海市徐汇区公办幼儿园名单一览》，内容来源标注为上海学前教育网，2024-03-25：https://m.sh.bendibao.com/edu/284155.html"
"28","公办","公办","示范园","果果幼儿园","华泾","华欣园","龙吴路2422号","上海市徐汇区果果幼儿园(华欣园)","龙吴路2422号","121.457615,31.118824","高德直线约 4.18 km","https://ditu.amap.com/search?query=%E4%B8%8A%E6%B5%B7%E5%B8%82%E5%BE%90%E6%B1%87%E5%8C%BA%20%E6%9E%9C%E6%9E%9C%E5%B9%BC%E5%84%BF%E5%9B%AD%20%E5%8D%8E%E6%AC%A3%E5%9B%AD%20%E9%BE%99%E5%90%B4%E8%B7%AF2422%E5%8F%B7","54829893","1","4","华欣家园、华发、馨宁、大桥、明丰新纪苑、名苑、华臻","固定对口","A","","上海本地宝《2026徐汇区幼儿园招生对口地段及招生计划班级数》，2026-04-15：https://m.sh.bendibao.com/edu/305291.html；上海本地宝《上海市徐汇区公办幼儿园名单一览》，内容来源标注为上海学前教育网，2024-03-25：https://m.sh.bendibao.com/edu/284155.html"
"28","公办","公办","示范园","果果幼儿园","华泾","华发园","华发路100弄22号","上海市徐汇区果果幼儿园(华发园)","华发路100弄22号","121.452820,31.127984","高德直线约 3.21 km","https://ditu.amap.com/search?query=%E4%B8%8A%E6%B5%B7%E5%B8%82%E5%BE%90%E6%B1%87%E5%8C%BA%20%E6%9E%9C%E6%9E%9C%E5%B9%BC%E5%84%BF%E5%9B%AD%20%E5%8D%8E%E5%8F%91%E5%9B%AD%20%E5%8D%8E%E5%8F%91%E8%B7%AF100%E5%BC%8422%E5%8F%B7","54829893","1","4","华欣家园、华发、馨宁、大桥、明丰新纪苑、名苑、华臻","固定对口","A","","上海本地宝《2026徐汇区幼儿园招生对口地段及招生计划班级数》，2026-04-15：https://m.sh.bendibao.com/edu/305291.html；上海本地宝《上海市徐汇区公办幼儿园名单一览》，内容来源标注为上海学前教育网，2024-03-25：https://m.sh.bendibao.com/edu/284155.html"
"29","公办","公办","一级","星辰幼儿园","华泾/罗秀","本部","罗秀路11号","上海市徐汇区星辰幼儿园","罗秀路11号","121.452281,31.134424","高德直线约 2.52 km","https://ditu.amap.com/search?query=%E4%B8%8A%E6%B5%B7%E5%B8%82%E5%BE%90%E6%B1%87%E5%8C%BA%20%E6%98%9F%E8%BE%B0%E5%B9%BC%E5%84%BF%E5%9B%AD%20%E6%9C%AC%E9%83%A8%20%E7%BD%97%E7%A7%80%E8%B7%AF11%E5%8F%B7","54010448","1","2","徐汇新城、罗秀三村、华滨家园、华沁家园、罗秀、罗秀二村","固定对口","A","","上海本地宝《2026徐汇区幼儿园招生对口地段及招生计划班级数》，2026-04-15：https://m.sh.bendibao.com/edu/305291.html；上海本地宝《上海市徐汇区公办幼儿园名单一览》，内容来源标注为上海学前教育网，2024-03-25：https://m.sh.bendibao.com/edu/284155.html"
"30","公办","公办","一级","徐汇实验幼儿园","华泾/罗秀","本部","龙瑞路135号","上海市徐汇区徐汇实验幼儿园","龙瑞路135号","121.452624,31.138923","高德直线约 2.03 km","https://ditu.amap.com/search?query=%E4%B8%8A%E6%B5%B7%E5%B8%82%E5%BE%90%E6%B1%87%E5%8C%BA%20%E5%BE%90%E6%B1%87%E5%AE%9E%E9%AA%8C%E5%B9%BC%E5%84%BF%E5%9B%AD%20%E6%9C%AC%E9%83%A8%20%E9%BE%99%E7%91%9E%E8%B7%AF135%E5%8F%B7","54045192","1","2","中海瀛台、百龙、港口","固定对口","A","","上海本地宝《2026徐汇区幼儿园招生对口地段及招生计划班级数》，2026-04-15：https://m.sh.bendibao.com/edu/305291.html；上海本地宝《上海市徐汇区公办幼儿园名单一览》，内容来源标注为上海学前教育网，2024-03-25：https://m.sh.bendibao.com/edu/284155.html"
"31","公办","公办","一级","印象幼儿园","华泾","本部","望月路882号","上海市徐汇区印象幼儿园","望月路882号","121.461128,31.116608","高德直线约 4.43 km","https://ditu.amap.com/search?query=%E4%B8%8A%E6%B5%B7%E5%B8%82%E5%BE%90%E6%B1%87%E5%8C%BA%20%E5%8D%B0%E8%B1%A1%E5%B9%BC%E5%84%BF%E5%9B%AD%20%E6%9C%AC%E9%83%A8%20%E6%9C%9B%E6%9C%88%E8%B7%AF882%E5%8F%B7","64960096","1","2","印象、华阳、沙家浜","固定对口","A","","上海本地宝《2026徐汇区幼儿园招生对口地段及招生计划班级数》，2026-04-15：https://m.sh.bendibao.com/edu/305291.html；上海本地宝《上海市徐汇区公办幼儿园名单一览》，内容来源标注为上海学前教育网，2024-03-25：https://m.sh.bendibao.com/edu/284155.html"
"32","公办","公办","一级","科技逸夫幼儿园","南站/石龙","本部","石龙路818弄8号","上海市徐汇区科技逸夫幼儿园","石龙路818弄8号","121.430659,31.150107","高德直线约 2.79 km","https://ditu.amap.com/search?query=%E4%B8%8A%E6%B5%B7%E5%B8%82%E5%BE%90%E6%B1%87%E5%8C%BA%20%E7%A7%91%E6%8A%80%E9%80%B8%E5%A4%AB%E5%B9%BC%E5%84%BF%E5%9B%AD%20%E6%9C%AC%E9%83%A8%20%E7%9F%B3%E9%BE%99%E8%B7%AF818%E5%BC%848%E5%8F%B7","64400295","1","1","正南、东荡、南站居委（临）","固定对口","A","","上海本地宝《2026徐汇区幼儿园招生对口地段及招生计划班级数》，2026-04-15：https://m.sh.bendibao.com/edu/305291.html；上海本地宝《上海市徐汇区公办幼儿园名单一览》，内容来源标注为上海学前教育网，2024-03-25：https://m.sh.bendibao.com/edu/284155.html"
"33","公办","公办","一级","盛华幼儿园","华泾","本部","望月路401号","上海市徐汇区盛华幼儿园","望月路401号","121.457146,31.107316","高德直线约 5.46 km","https://ditu.amap.com/search?query=%E4%B8%8A%E6%B5%B7%E5%B8%82%E5%BE%90%E6%B1%87%E5%8C%BA%20%E7%9B%9B%E5%8D%8E%E5%B9%BC%E5%84%BF%E5%9B%AD%20%E6%9C%AC%E9%83%A8%20%E6%9C%9B%E6%9C%88%E8%B7%AF401%E5%8F%B7","021-54852338","1","3","盛华、华泾绿苑、光华绿苑","固定对口","A","","上海本地宝《2026徐汇区幼儿园招生对口地段及招生计划班级数》，2026-04-15：https://m.sh.bendibao.com/edu/305291.html；上海本地宝《上海市徐汇区公办幼儿园名单一览》，内容来源标注为上海学前教育网，2024-03-25：https://m.sh.bendibao.com/edu/284155.html"
"34","公办","公办","一级","艺树幼儿园","徐家汇/田林","本部","古井路160号","上海市徐汇区艺树幼儿园","古井路160号","121.417163,31.189960","高德直线约 5.46 km","https://ditu.amap.com/search?query=%E4%B8%8A%E6%B5%B7%E5%B8%82%E5%BE%90%E6%B1%87%E5%8C%BA%20%E8%89%BA%E6%A0%91%E5%B9%BC%E5%84%BF%E5%9B%AD%20%E6%9C%AC%E9%83%A8%20%E5%8F%A4%E4%BA%95%E8%B7%AF160%E5%8F%B7","64388770","2","3","锦馨苑、千鹤第六、小安桥、华鼎广场、千鹤五、尚汇豪庭、千鹤一、千鹤二；另向徐家汇街道、田林街道扩招","扩招","A","","上海本地宝《2026徐汇区幼儿园招生对口地段及招生计划班级数》，2026-04-15：https://m.sh.bendibao.com/edu/305291.html；上海本地宝《上海市徐汇区公办幼儿园名单一览》，内容来源标注为上海学前教育网，2024-03-25：https://m.sh.bendibao.com/edu/284155.html"
"35","公办","公办","一级","桂平幼儿园","漕河泾/虹梅","本部","桂平路260弄14号","上海市徐汇区桂平幼儿园","桂平路260弄14号","121.408648,31.158721","高德直线约 4.80 km","https://ditu.amap.com/search?query=%E4%B8%8A%E6%B5%B7%E5%B8%82%E5%BE%90%E6%B1%87%E5%8C%BA%20%E6%A1%82%E5%B9%B3%E5%B9%BC%E5%84%BF%E5%9B%AD%20%E6%9C%AC%E9%83%A8%20%E6%A1%82%E5%B9%B3%E8%B7%AF260%E5%BC%8414%E5%8F%B7","64031921","2","1","联莘、欣园","固定对口","A","","上海本地宝《2026徐汇区幼儿园招生对口地段及招生计划班级数》，2026-04-15：https://m.sh.bendibao.com/edu/305291.html；上海本地宝《上海市徐汇区公办幼儿园名单一览》，内容来源标注为上海学前教育网，2024-03-25：https://m.sh.bendibao.com/edu/284155.html"
"36","公办","公办","一级","田林第六幼儿园","田林/虹梅","本部","田林十二村40号","上海市徐汇区田林第六幼儿园","田林十二村40号","121.428787,31.171843","高德直线约 3.35 km","https://ditu.amap.com/search?query=%E4%B8%8A%E6%B5%B7%E5%B8%82%E5%BE%90%E6%B1%87%E5%8C%BA%20%E7%94%B0%E6%9E%97%E7%AC%AC%E5%85%AD%E5%B9%BC%E5%84%BF%E5%9B%AD%20%E6%9C%AC%E9%83%A8%20%E7%94%B0%E6%9E%97%E5%8D%81%E4%BA%8C%E6%9D%9140%E5%8F%B7","64366380","3","5","田林十二村、田林三四村、古一、古二、古三、古四、东兰、航天新苑、永兆、漕河泾开发园区（临）；另向田林街道、虹梅路街道扩招","扩招","A","","上海本地宝《2026徐汇区幼儿园招生对口地段及招生计划班级数》，2026-04-15：https://m.sh.bendibao.com/edu/305291.html；上海本地宝《上海市徐汇区公办幼儿园名单一览》，内容来源标注为上海学前教育网，2024-03-25：https://m.sh.bendibao.com/edu/284155.html"
"36","公办","公办","一级","田林第六幼儿园","田林/虹梅","贝贝分园","田林四村18号","上海市徐汇区田林第六幼儿园(贝贝分园)","田林四村18号","121.422992,31.170556","高德直线约 3.78 km","https://ditu.amap.com/search?query=%E4%B8%8A%E6%B5%B7%E5%B8%82%E5%BE%90%E6%B1%87%E5%8C%BA%20%E7%94%B0%E6%9E%97%E7%AC%AC%E5%85%AD%E5%B9%BC%E5%84%BF%E5%9B%AD%20%E8%B4%9D%E8%B4%9D%E5%88%86%E5%9B%AD%20%E7%94%B0%E6%9E%97%E5%9B%9B%E6%9D%9118%E5%8F%B7","64367248","3","5","田林十二村、田林三四村、古一、古二、古三、古四、东兰、航天新苑、永兆、漕河泾开发园区（临）；另向田林街道、虹梅路街道扩招","扩招","A","","上海本地宝《2026徐汇区幼儿园招生对口地段及招生计划班级数》，2026-04-15：https://m.sh.bendibao.com/edu/305291.html；上海本地宝《上海市徐汇区公办幼儿园名单一览》，内容来源标注为上海学前教育网，2024-03-25：https://m.sh.bendibao.com/edu/284155.html"
"36","公办","公办","一级","田林第六幼儿园","田林/虹梅","东兰分园","古美路1107弄65号","上海市徐汇区田林第六幼儿园(东兰分园)","古美路1107弄65号","121.398709,31.154511","高德直线约 5.75 km","https://ditu.amap.com/search?query=%E4%B8%8A%E6%B5%B7%E5%B8%82%E5%BE%90%E6%B1%87%E5%8C%BA%20%E7%94%B0%E6%9E%97%E7%AC%AC%E5%85%AD%E5%B9%BC%E5%84%BF%E5%9B%AD%20%E4%B8%9C%E5%85%B0%E5%88%86%E5%9B%AD%20%E5%8F%A4%E7%BE%8E%E8%B7%AF1107%E5%BC%8465%E5%8F%B7","64707260","3","5","田林十二村、田林三四村、古一、古二、古三、古四、东兰、航天新苑、永兆、漕河泾开发园区（临）；另向田林街道、虹梅路街道扩招","扩招","A","","上海本地宝《2026徐汇区幼儿园招生对口地段及招生计划班级数》，2026-04-15：https://m.sh.bendibao.com/edu/305291.html；上海本地宝《上海市徐汇区公办幼儿园名单一览》，内容来源标注为上海学前教育网，2024-03-25：https://m.sh.bendibao.com/edu/284155.html"
"37","公办","公办","示范园","紫薇实验幼儿园","康健/漕河泾","桂平园","桂平路123弄23号","上海市徐汇区紫薇实验幼儿园(桂平园)","桂平路123弄23号","121.410334,31.152247","高德直线约 4.66 km","https://ditu.amap.com/search?query=%E4%B8%8A%E6%B5%B7%E5%B8%82%E5%BE%90%E6%B1%87%E5%8C%BA%20%E7%B4%AB%E8%96%87%E5%AE%9E%E9%AA%8C%E5%B9%BC%E5%84%BF%E5%9B%AD%20%E6%A1%82%E5%B9%B3%E5%9B%AD%20%E6%A1%82%E5%B9%B3%E8%B7%AF123%E5%BC%8423%E5%8F%B7","54217515","5","6","紫薇园（桂平路123弄）、康强海（海上名邸）；区域内自主招生","区域自主","A","","上海本地宝《2026徐汇区幼儿园招生对口地段及招生计划班级数》，2026-04-15：https://m.sh.bendibao.com/edu/305291.html；上海本地宝《上海市徐汇区公办幼儿园名单一览》，内容来源标注为上海学前教育网，2024-03-25：https://m.sh.bendibao.com/edu/284155.html"
"37","公办","公办","示范园","紫薇实验幼儿园","康健/漕河泾","浦北园","浦北路173号","上海市徐汇区紫薇实验幼儿园(浦北园)","浦北路173号","121.425264,31.156355","高德直线约 3.21 km","https://ditu.amap.com/search?query=%E4%B8%8A%E6%B5%B7%E5%B8%82%E5%BE%90%E6%B1%87%E5%8C%BA%20%E7%B4%AB%E8%96%87%E5%AE%9E%E9%AA%8C%E5%B9%BC%E5%84%BF%E5%9B%AD%20%E6%B5%A6%E5%8C%97%E5%9B%AD%20%E6%B5%A6%E5%8C%97%E8%B7%AF173%E5%8F%B7","64830788","5","6","紫薇园（桂平路123弄）、康强海（海上名邸）；区域内自主招生","区域自主","A","","上海本地宝《2026徐汇区幼儿园招生对口地段及招生计划班级数》，2026-04-15：https://m.sh.bendibao.com/edu/305291.html；上海本地宝《上海市徐汇区公办幼儿园名单一览》，内容来源标注为上海学前教育网，2024-03-25：https://m.sh.bendibao.com/edu/284155.html"
"37","公办","公办","示范园","紫薇实验幼儿园","康健/漕河泾","全州园","宜州路26号","上海市徐汇区紫薇实验幼儿园(全州园)","宜州路26号","121.408875,31.167055","高德直线约 4.92 km","https://ditu.amap.com/search?query=%E4%B8%8A%E6%B5%B7%E5%B8%82%E5%BE%90%E6%B1%87%E5%8C%BA%20%E7%B4%AB%E8%96%87%E5%AE%9E%E9%AA%8C%E5%B9%BC%E5%84%BF%E5%9B%AD%20%E5%85%A8%E5%B7%9E%E5%9B%AD%20%E5%AE%9C%E5%B7%9E%E8%B7%AF26%E5%8F%B7","54500996","5","6","紫薇园（桂平路123弄）、康强海（海上名邸）；区域内自主招生","区域自主","A","","上海本地宝《2026徐汇区幼儿园招生对口地段及招生计划班级数》，2026-04-15：https://m.sh.bendibao.com/edu/305291.html；上海本地宝《上海市徐汇区公办幼儿园名单一览》，内容来源标注为上海学前教育网，2024-03-25：https://m.sh.bendibao.com/edu/284155.html"
"38","公办","公办","示范园","上海幼儿园","长桥/凌云","凌云园","上中西路378号","上海市徐汇区上海幼儿园(凌云园)","上中西路378号","121.423721,31.134831","高德直线约 4.13 km","https://ditu.amap.com/search?query=%E4%B8%8A%E6%B5%B7%E5%B8%82%E5%BE%90%E6%B1%87%E5%8C%BA%20%E4%B8%8A%E6%B5%B7%E5%B9%BC%E5%84%BF%E5%9B%AD%20%E5%87%8C%E4%BA%91%E5%9B%AD%20%E4%B8%8A%E4%B8%AD%E8%A5%BF%E8%B7%AF378%E5%8F%B7","64106663 / 64100564 / 64250961","2","5","体育花苑、长桥五村（上中路100弄）、长桥三村二（尚海悦庭）；另向凌云路街道、长桥街道、华泾镇扩招","扩招","A","","上海本地宝《2026徐汇区幼儿园招生对口地段及招生计划班级数》，2026-04-15：https://m.sh.bendibao.com/edu/305291.html；上海本地宝《上海市徐汇区公办幼儿园名单一览》，内容来源标注为上海学前教育网，2024-03-25：https://m.sh.bendibao.com/edu/284155.html"
"38","公办","公办","示范园","上海幼儿园","长桥/凌云","冠军园","老沪闵路729弄41号乙","上海市徐汇区上海幼儿园(冠军园)","老沪闵路728弄41号乙","121.430246,31.143076","高德直线约 3.11 km","https://ditu.amap.com/search?query=%E4%B8%8A%E6%B5%B7%E5%B8%82%E5%BE%90%E6%B1%87%E5%8C%BA%20%E4%B8%8A%E6%B5%B7%E5%B9%BC%E5%84%BF%E5%9B%AD%20%E5%86%A0%E5%86%9B%E5%9B%AD%20%E8%80%81%E6%B2%AA%E9%97%B5%E8%B7%AF729%E5%BC%8441%E5%8F%B7%E4%B9%99","64250961","2","5","体育花苑、长桥五村（上中路100弄）、长桥三村二（尚海悦庭）；另向凌云路街道、长桥街道、华泾镇扩招","扩招","A","","上海本地宝《2026徐汇区幼儿园招生对口地段及招生计划班级数》，2026-04-15：https://m.sh.bendibao.com/edu/305291.html；上海本地宝《上海市徐汇区公办幼儿园名单一览》，内容来源标注为上海学前教育网，2024-03-25：https://m.sh.bendibao.com/edu/284155.html"
"38","公办","公办","示范园","上海幼儿园","长桥/凌云","上中园","上中路402号","上海市徐汇区上海幼儿园(上中园)","上中路402号","121.439692,31.138699","高德直线约 2.69 km","https://ditu.amap.com/search?query=%E4%B8%8A%E6%B5%B7%E5%B8%82%E5%BE%90%E6%B1%87%E5%8C%BA%20%E4%B8%8A%E6%B5%B7%E5%B9%BC%E5%84%BF%E5%9B%AD%20%E4%B8%8A%E4%B8%AD%E5%9B%AD%20%E4%B8%8A%E4%B8%AD%E8%B7%AF402%E5%8F%B7","64106663 / 64100564 / 64250961","2","5","体育花苑、长桥五村（上中路100弄）、长桥三村二（尚海悦庭）；另向凌云路街道、长桥街道、华泾镇扩招","扩招","A","","上海本地宝《2026徐汇区幼儿园招生对口地段及招生计划班级数》，2026-04-15：https://m.sh.bendibao.com/edu/305291.html；上海本地宝《上海市徐汇区公办幼儿园名单一览》，内容来源标注为上海学前教育网，2024-03-25：https://m.sh.bendibao.com/edu/284155.html"
"39","公办","公办","示范园","乌鲁木齐南路幼儿园","衡复/湖南","本部","乌鲁木齐南路14号","上海市徐汇区乌鲁木齐南路幼儿园","乌鲁木齐南路14号(衡山路地铁站3号口步行440米)","121.447657,31.207598","高德直线约 5.80 km","https://ditu.amap.com/search?query=%E4%B8%8A%E6%B5%B7%E5%B8%82%E5%BE%90%E6%B1%87%E5%8C%BA%20%E4%B9%8C%E9%B2%81%E6%9C%A8%E9%BD%90%E5%8D%97%E8%B7%AF%E5%B9%BC%E5%84%BF%E5%9B%AD%20%E6%9C%AC%E9%83%A8%20%E4%B9%8C%E9%B2%81%E6%9C%A8%E9%BD%90%E5%8D%97%E8%B7%AF14%E5%8F%B7","64319939","3","4","区域内自主招生","区域自主","A","","上海本地宝《2026徐汇区幼儿园招生对口地段及招生计划班级数》，2026-04-15：https://m.sh.bendibao.com/edu/305291.html；上海本地宝《上海市徐汇区公办幼儿园名单一览》，内容来源标注为上海学前教育网，2024-03-25：https://m.sh.bendibao.com/edu/284155.html"
"39","公办","公办","示范园","乌鲁木齐南路幼儿园","衡复/湖南","境内部","淮海路1788号","上海市徐汇区乌鲁木齐南路幼儿园(境内部)","淮海中路1788号","121.439514,31.205251","高德直线约 5.75 km","https://ditu.amap.com/search?query=%E4%B8%8A%E6%B5%B7%E5%B8%82%E5%BE%90%E6%B1%87%E5%8C%BA%20%E4%B9%8C%E9%B2%81%E6%9C%A8%E9%BD%90%E5%8D%97%E8%B7%AF%E5%B9%BC%E5%84%BF%E5%9B%AD%20%E5%A2%83%E5%86%85%E9%83%A8%20%E6%B7%AE%E6%B5%B7%E8%B7%AF1788%E5%8F%B7","64319939","3","4","区域内自主招生","区域自主","A","","上海本地宝《2026徐汇区幼儿园招生对口地段及招生计划班级数》，2026-04-15：https://m.sh.bendibao.com/edu/305291.html；上海本地宝《上海市徐汇区公办幼儿园名单一览》，内容来源标注为上海学前教育网，2024-03-25：https://m.sh.bendibao.com/edu/284155.html"
"39","公办","公办","示范园","乌鲁木齐南路幼儿园","衡复/湖南","境外部","淮海中路1480号","待高德MCP查询","待高德MCP查询","待高德MCP查询","待高德MCP查询","https://ditu.amap.com/search?query=%E4%B8%8A%E6%B5%B7%E5%B8%82%E5%BE%90%E6%B1%87%E5%8C%BA%20%E4%B9%8C%E9%B2%81%E6%9C%A8%E9%BD%90%E5%8D%97%E8%B7%AF%E5%B9%BC%E5%84%BF%E5%9B%AD%20%E5%A2%83%E5%A4%96%E9%83%A8%20%E6%B7%AE%E6%B5%B7%E4%B8%AD%E8%B7%AF1480%E5%8F%B7","64330160","3","4","区域内自主招生","区域自主","A","","上海本地宝《2026徐汇区幼儿园招生对口地段及招生计划班级数》，2026-04-15：https://m.sh.bendibao.com/edu/305291.html；上海本地宝《上海市徐汇区公办幼儿园名单一览》，内容来源标注为上海学前教育网，2024-03-25：https://m.sh.bendibao.com/edu/284155.html"
"40","公办","公办","示范园","科技幼儿园","徐家汇/田林","宜山园1部","宜山路655弄1号","上海市徐汇区科技幼儿园(宜山园1部)","宜山路655弄1号","121.425330,31.177847","高德直线约 4.00 km","https://ditu.amap.com/search?query=%E4%B8%8A%E6%B5%B7%E5%B8%82%E5%BE%90%E6%B1%87%E5%8C%BA%20%E7%A7%91%E6%8A%80%E5%B9%BC%E5%84%BF%E5%9B%AD%20%E5%AE%9C%E5%B1%B1%E5%9B%AD1%E9%83%A8%20%E5%AE%9C%E5%B1%B1%E8%B7%AF655%E5%BC%841%E5%8F%B7","64854450 / 64362975","3","9","区域内自主招生","区域自主","A","","上海本地宝《2026徐汇区幼儿园招生对口地段及招生计划班级数》，2026-04-15：https://m.sh.bendibao.com/edu/305291.html；上海本地宝《上海市徐汇区公办幼儿园名单一览》，内容来源标注为上海学前教育网，2024-03-25：https://m.sh.bendibao.com/edu/284155.html"
"40","公办","公办","示范园","科技幼儿园","徐家汇/田林","嘉陵园","嘉陵路28号","上海市徐汇区科技幼儿园(嘉陵园)","嘉陵路28号","121.428986,31.149286","高德直线约 2.97 km","https://ditu.amap.com/search?query=%E4%B8%8A%E6%B5%B7%E5%B8%82%E5%BE%90%E6%B1%87%E5%8C%BA%20%E7%A7%91%E6%8A%80%E5%B9%BC%E5%84%BF%E5%9B%AD%20%E5%98%89%E9%99%B5%E5%9B%AD%20%E5%98%89%E9%99%B5%E8%B7%AF28%E5%8F%B7","54363003","3","9","区域内自主招生","区域自主","A","","上海本地宝《2026徐汇区幼儿园招生对口地段及招生计划班级数》，2026-04-15：https://m.sh.bendibao.com/edu/305291.html；上海本地宝《上海市徐汇区公办幼儿园名单一览》，内容来源标注为上海学前教育网，2024-03-25：https://m.sh.bendibao.com/edu/284155.html"
"40","公办","公办","示范园","科技幼儿园","徐家汇/田林","文定园","文定路476号","上海市徐汇区科技幼儿园(文定园)","文定路476号","121.427762,31.180155","高德直线约 3.98 km","https://ditu.amap.com/search?query=%E4%B8%8A%E6%B5%B7%E5%B8%82%E5%BE%90%E6%B1%87%E5%8C%BA%20%E7%A7%91%E6%8A%80%E5%B9%BC%E5%84%BF%E5%9B%AD%20%E6%96%87%E5%AE%9A%E5%9B%AD%20%E6%96%87%E5%AE%9A%E8%B7%AF476%E5%8F%B7","64221181","3","9","区域内自主招生","区域自主","A","","上海本地宝《2026徐汇区幼儿园招生对口地段及招生计划班级数》，2026-04-15：https://m.sh.bendibao.com/edu/305291.html；上海本地宝《上海市徐汇区公办幼儿园名单一览》，内容来源标注为上海学前教育网，2024-03-25：https://m.sh.bendibao.com/edu/284155.html"
"40","公办","公办","示范园","科技幼儿园","徐家汇/田林","宜山园10部","宜山路655弄10号","徐汇区科技幼儿园宜山园","宜山路655弄10号","121.426582,31.175483","高德直线约 3.75 km","https://ditu.amap.com/search?query=%E4%B8%8A%E6%B5%B7%E5%B8%82%E5%BE%90%E6%B1%87%E5%8C%BA%20%E7%A7%91%E6%8A%80%E5%B9%BC%E5%84%BF%E5%9B%AD%20%E5%AE%9C%E5%B1%B1%E5%9B%AD10%E9%83%A8%20%E5%AE%9C%E5%B1%B1%E8%B7%AF655%E5%BC%8410%E5%8F%B7","64854450 / 64362975","3","9","区域内自主招生","区域自主","A","","上海本地宝《2026徐汇区幼儿园招生对口地段及招生计划班级数》，2026-04-15：https://m.sh.bendibao.com/edu/305291.html；上海本地宝《上海市徐汇区公办幼儿园名单一览》，内容来源标注为上海学前教育网，2024-03-25：https://m.sh.bendibao.com/edu/284155.html"
"41","公办","公办","示范园","宛南实验幼儿园","龙华/滨江","瑞宁部","瑞宁路816号","上海市徐汇区宛南实验幼儿园(瑞宁园)","瑞宁路816号(龙华中路地铁站5号口步行410米)","121.458813,31.181853","高德直线约 2.84 km","https://ditu.amap.com/search?query=%E4%B8%8A%E6%B5%B7%E5%B8%82%E5%BE%90%E6%B1%87%E5%8C%BA%20%E5%AE%9B%E5%8D%97%E5%AE%9E%E9%AA%8C%E5%B9%BC%E5%84%BF%E5%9B%AD%20%E7%91%9E%E5%AE%81%E9%83%A8%20%E7%91%9E%E5%AE%81%E8%B7%AF816%E5%8F%B7","64363606","6","6","区域内自主招生","区域自主","A","","上海本地宝《2026徐汇区幼儿园招生对口地段及招生计划班级数》，2026-04-15：https://m.sh.bendibao.com/edu/305291.html；上海本地宝《上海市徐汇区公办幼儿园名单一览》，内容来源标注为上海学前教育网，2024-03-25：https://m.sh.bendibao.com/edu/284155.html"
"41","公办","公办","示范园","宛南实验幼儿园","龙华/滨江","滨江部","瑞宁路851号","上海市徐汇区宛南实验幼儿园(滨江部)","瑞宁路851号","121.460808,31.181252","高德直线约 2.77 km","https://ditu.amap.com/search?query=%E4%B8%8A%E6%B5%B7%E5%B8%82%E5%BE%90%E6%B1%87%E5%8C%BA%20%E5%AE%9B%E5%8D%97%E5%AE%9E%E9%AA%8C%E5%B9%BC%E5%84%BF%E5%9B%AD%20%E6%BB%A8%E6%B1%9F%E9%83%A8%20%E7%91%9E%E5%AE%81%E8%B7%AF851%E5%8F%B7","64161261","6","6","区域内自主招生","区域自主","A","","上海本地宝《2026徐汇区幼儿园招生对口地段及招生计划班级数》，2026-04-15：https://m.sh.bendibao.com/edu/305291.html；上海本地宝《上海市徐汇区公办幼儿园名单一览》，内容来源标注为上海学前教育网，2024-03-25：https://m.sh.bendibao.com/edu/284155.html"
"41","公办","公办","示范园","宛南实验幼儿园","龙华/滨江","大木桥部","大木桥路323号","上海市徐汇区宛南实验幼儿园(大木桥部)","大木桥路323号(大木桥路地铁站4号口步行340米)","121.462978,31.197281","高德直线约 4.57 km","https://ditu.amap.com/search?query=%E4%B8%8A%E6%B5%B7%E5%B8%82%E5%BE%90%E6%B1%87%E5%8C%BA%20%E5%AE%9B%E5%8D%97%E5%AE%9E%E9%AA%8C%E5%B9%BC%E5%84%BF%E5%9B%AD%20%E5%A4%A7%E6%9C%A8%E6%A1%A5%E9%83%A8%20%E5%A4%A7%E6%9C%A8%E6%A1%A5%E8%B7%AF323%E5%8F%B7","64168714","6","6","区域内自主招生","区域自主","A","","上海本地宝《2026徐汇区幼儿园招生对口地段及招生计划班级数》，2026-04-15：https://m.sh.bendibao.com/edu/305291.html；上海本地宝《上海市徐汇区公办幼儿园名单一览》，内容来源标注为上海学前教育网，2024-03-25：https://m.sh.bendibao.com/edu/284155.html"
"42","公办","公办","示范园","机关建国幼儿园","衡复/湖南/滨江","建国园","建国西路570号","上海市徐汇区机关建国幼儿园(建国园)","建国西路570号(肇嘉浜路地铁站2号口步行420米)","121.450074,31.202785","高德直线约 5.24 km","https://ditu.amap.com/search?query=%E4%B8%8A%E6%B5%B7%E5%B8%82%E5%BE%90%E6%B1%87%E5%8C%BA%20%E6%9C%BA%E5%85%B3%E5%BB%BA%E5%9B%BD%E5%B9%BC%E5%84%BF%E5%9B%AD%20%E5%BB%BA%E5%9B%BD%E5%9B%AD%20%E5%BB%BA%E5%9B%BD%E8%A5%BF%E8%B7%AF570%E5%8F%B7","64372841","2","6","区域内自主招生","区域自主","A","","上海本地宝《2026徐汇区幼儿园招生对口地段及招生计划班级数》，2026-04-15：https://m.sh.bendibao.com/edu/305291.html；上海本地宝《上海市徐汇区公办幼儿园名单一览》，内容来源标注为上海学前教育网，2024-03-25：https://m.sh.bendibao.com/edu/284155.html"
"42","公办","公办","示范园","机关建国幼儿园","衡复/湖南/滨江","安亭园","安亭路112号","上海市徐汇区机关建国幼儿园(安亭园)","安亭路112号(衡山路地铁站1号口步行320米)","121.447497,31.202392","高德直线约 5.24 km","https://ditu.amap.com/search?query=%E4%B8%8A%E6%B5%B7%E5%B8%82%E5%BE%90%E6%B1%87%E5%8C%BA%20%E6%9C%BA%E5%85%B3%E5%BB%BA%E5%9B%BD%E5%B9%BC%E5%84%BF%E5%9B%AD%20%E5%AE%89%E4%BA%AD%E5%9B%AD%20%E5%AE%89%E4%BA%AD%E8%B7%AF112%E5%8F%B7","64333332","2","6","区域内自主招生","区域自主","A","","上海本地宝《2026徐汇区幼儿园招生对口地段及招生计划班级数》，2026-04-15：https://m.sh.bendibao.com/edu/305291.html；上海本地宝《上海市徐汇区公办幼儿园名单一览》，内容来源标注为上海学前教育网，2024-03-25：https://m.sh.bendibao.com/edu/284155.html"
"42","公办","公办","示范园","机关建国幼儿园","衡复/湖南/滨江","滨江园","云锦路183弄30号","上海市徐汇区机关建国幼儿园(滨江园)","云锦路183弄30号","121.459526,31.173173","高德直线约 1.87 km","https://ditu.amap.com/search?query=%E4%B8%8A%E6%B5%B7%E5%B8%82%E5%BE%90%E6%B1%87%E5%8C%BA%20%E6%9C%BA%E5%85%B3%E5%BB%BA%E5%9B%BD%E5%B9%BC%E5%84%BF%E5%9B%AD%20%E6%BB%A8%E6%B1%9F%E5%9B%AD%20%E4%BA%91%E9%94%A6%E8%B7%AF183%E5%BC%8430%E5%8F%B7","54252106","2","6","区域内自主招生","区域自主","A","","上海本地宝《2026徐汇区幼儿园招生对口地段及招生计划班级数》，2026-04-15：https://m.sh.bendibao.com/edu/305291.html；上海本地宝《上海市徐汇区公办幼儿园名单一览》，内容来源标注为上海学前教育网，2024-03-25：https://m.sh.bendibao.com/edu/284155.html"
"M1","民办","民办（类型待核验）","一级","杜鹃园幼稚园","田林/康健","本部","桂林西街9弄57号","上海市徐汇区杜鹃园幼稚园","桂林西街9弄57号","121.418245,31.156567","高德直线约 3.88 km","https://ditu.amap.com/search?query=%E4%B8%8A%E6%B5%B7%E5%B8%82%E5%BE%90%E6%B1%87%E5%8C%BA%20%E6%9D%9C%E9%B9%83%E5%9B%AD%E5%B9%BC%E7%A8%9A%E5%9B%AD%20%E6%9C%AC%E9%83%A8%20%E6%A1%82%E6%9E%97%E8%A5%BF%E8%A1%979%E5%BC%8457%E5%8F%B7","021-54202188","待电话确认","待电话确认","民办招生范围、托班、小班名额、收费和材料要求需电话确认。","民办招生","A","民办/私立招生条件、收费、名额每年可能变化，报名前必须电话核验。","上海本地宝《上海市徐汇区公办幼儿园名单一览》，内容来源标注为上海学前教育网，2024-03-25：https://m.sh.bendibao.com/edu/284155.html"
"M2","民办","民办（类型待核验）","一级","胡姬港湾幼儿园","龙华/滨江","本部","丰谷路205弄35号","上海徐汇区民办胡姬港湾幼儿园","云锦路80弄10号(龙华地铁站5号口步行3分钟)","121.456122,31.173426","高德直线约 1.92 km","https://ditu.amap.com/search?query=%E4%B8%8A%E6%B5%B7%E5%B8%82%E5%BE%90%E6%B1%87%E5%8C%BA%20%E8%83%A1%E5%A7%AC%E6%B8%AF%E6%B9%BE%E5%B9%BC%E5%84%BF%E5%9B%AD%20%E6%9C%AC%E9%83%A8%20%E4%B8%B0%E8%B0%B7%E8%B7%AF205%E5%BC%8435%E5%8F%B7","64560614","待电话确认","待电话确认","民办招生范围、托班、小班名额、收费和材料要求需电话确认。","民办招生","A","民办/私立招生条件、收费、名额每年可能变化，报名前必须电话核验。","上海本地宝《上海市徐汇区公办幼儿园名单一览》，内容来源标注为上海学前教育网，2024-03-25：https://m.sh.bendibao.com/edu/284155.html"
"M3","民办","普惠民办","一级","汇城苑幼稚园","长桥/梅陇","本部","百色路汇城五村75号","上海市徐汇区汇城苑幼稚园","百色路汇成五村75号","121.435948,31.142137","高德直线约 2.71 km","https://ditu.amap.com/search?query=%E4%B8%8A%E6%B5%B7%E5%B8%82%E5%BE%90%E6%B1%87%E5%8C%BA%20%E6%B1%87%E5%9F%8E%E8%8B%91%E5%B9%BC%E7%A8%9A%E5%9B%AD%20%E6%9C%AC%E9%83%A8%20%E7%99%BE%E8%89%B2%E8%B7%AF%E6%B1%87%E5%9F%8E%E4%BA%94%E6%9D%9175%E5%8F%B7","64235119","待电话确认","待电话确认","民办招生范围、托班、小班名额、收费和材料要求需电话确认。","民办招生","A","民办/私立招生条件、收费、名额每年可能变化，报名前必须电话核验。","上海本地宝《上海市徐汇区公办幼儿园名单一览》，内容来源标注为上海学前教育网，2024-03-25：https://m.sh.bendibao.com/edu/284155.html"
"M4","民办","民办（类型待核验）","二级","维亚幼儿园","衡复/湖南","本部","华亭路71弄1号","待高德MCP查询","待高德MCP查询","待高德MCP查询","待高德MCP查询","https://ditu.amap.com/search?query=%E4%B8%8A%E6%B5%B7%E5%B8%82%E5%BE%90%E6%B1%87%E5%8C%BA%20%E7%BB%B4%E4%BA%9A%E5%B9%BC%E5%84%BF%E5%9B%AD%20%E6%9C%AC%E9%83%A8%20%E5%8D%8E%E4%BA%AD%E8%B7%AF71%E5%BC%841%E5%8F%B7","54036901","待电话确认","待电话确认","民办招生范围、托班、小班名额、收费和材料要求需电话确认。","民办招生","A","民办/私立招生条件、收费、名额每年可能变化，报名前必须电话核验。","上海本地宝《上海市徐汇区民办幼儿园名单一览》，内容来源标注为上海学前教育网，2024-03-25：https://sh.bendibao.com/edu/2024325/284155_2.shtm"
"M5","民办","民办（类型待核验）","二级","四季方馨幼儿园","衡复/湖南","本部","五原路112号","上海徐汇区民办四季方馨幼儿园","五原路112号(常熟路地铁站8号口步行260米)","121.446789,31.213302","高德直线约 6.44 km","https://ditu.amap.com/search?query=%E4%B8%8A%E6%B5%B7%E5%B8%82%E5%BE%90%E6%B1%87%E5%8C%BA%20%E5%9B%9B%E5%AD%A3%E6%96%B9%E9%A6%A8%E5%B9%BC%E5%84%BF%E5%9B%AD%20%E6%9C%AC%E9%83%A8%20%E4%BA%94%E5%8E%9F%E8%B7%AF112%E5%8F%B7","021-54036603","待电话确认","待电话确认","民办招生范围、托班、小班名额、收费和材料要求需电话确认。","民办招生","A","民办/私立招生条件、收费、名额每年可能变化，报名前必须电话核验。","上海本地宝《上海市徐汇区民办幼儿园名单一览》，内容来源标注为上海学前教育网，2024-03-25：https://sh.bendibao.com/edu/2024325/284155_2.shtm"
"M6","民办","民办（类型待核验）","二级","滨江幼儿园","龙华/滨江","本部","云锦路80弄10号","待高德MCP查询","待高德MCP查询","待高德MCP查询","待高德MCP查询","https://ditu.amap.com/search?query=%E4%B8%8A%E6%B5%B7%E5%B8%82%E5%BE%90%E6%B1%87%E5%8C%BA%20%E6%BB%A8%E6%B1%9F%E5%B9%BC%E5%84%BF%E5%9B%AD%20%E6%9C%AC%E9%83%A8%20%E4%BA%91%E9%94%A6%E8%B7%AF80%E5%BC%8410%E5%8F%B7","64380700","待电话确认","待电话确认","民办招生范围、托班、小班名额、收费和材料要求需电话确认。","民办招生","A","民办/私立招生条件、收费、名额每年可能变化，报名前必须电话核验。","上海本地宝《上海市徐汇区民办幼儿园名单一览》，内容来源标注为上海学前教育网，2024-03-25：https://sh.bendibao.com/edu/2024325/284155_2.shtm"
"M7","民办","民办（类型待核验）","二级","汇宝幼儿园","徐家汇/枫林","本部","宛平南路592号","上海汇宝幼儿园","零陵路与宛平南路交叉口西40米","121.448494,31.188588","高德直线约 3.72 km","https://ditu.amap.com/search?query=%E4%B8%8A%E6%B5%B7%E5%B8%82%E5%BE%90%E6%B1%87%E5%8C%BA%20%E6%B1%87%E5%AE%9D%E5%B9%BC%E5%84%BF%E5%9B%AD%20%E6%9C%AC%E9%83%A8%20%E5%AE%9B%E5%B9%B3%E5%8D%97%E8%B7%AF592%E5%8F%B7","64690445","待电话确认","待电话确认","民办招生范围、托班、小班名额、收费和材料要求需电话确认。","民办招生","A","民办/私立招生条件、收费、名额每年可能变化，报名前必须电话核验。","上海本地宝《上海市徐汇区民办幼儿园名单一览》，内容来源标注为上海学前教育网，2024-03-25：https://sh.bendibao.com/edu/2024325/284155_2.shtm"
"M8","民办","民办（类型待核验）","二级","蒙世学堂幼儿园","徐家汇/枫林","本部","斜土路2421号","待高德MCP查询","待高德MCP查询","待高德MCP查询","待高德MCP查询","https://ditu.amap.com/search?query=%E4%B8%8A%E6%B5%B7%E5%B8%82%E5%BE%90%E6%B1%87%E5%8C%BA%20%E8%92%99%E4%B8%96%E5%AD%A6%E5%A0%82%E5%B9%BC%E5%84%BF%E5%9B%AD%20%E6%9C%AC%E9%83%A8%20%E6%96%9C%E5%9C%9F%E8%B7%AF2421%E5%8F%B7","021-64686261*8103","待电话确认","待电话确认","民办招生范围、托班、小班名额、收费和材料要求需电话确认。","民办招生","A","民办/私立招生条件、收费、名额每年可能变化，报名前必须电话核验。","上海本地宝《上海市徐汇区民办幼儿园名单一览》，内容来源标注为上海学前教育网，2024-03-25：https://sh.bendibao.com/edu/2024325/284155_2.shtm"
"M9","民办","民办（类型待核验）","二级","樱花园幼稚园","田林/康健","本部","百花街380号","待高德MCP查询","待高德MCP查询","待高德MCP查询","待高德MCP查询","https://ditu.amap.com/search?query=%E4%B8%8A%E6%B5%B7%E5%B8%82%E5%BE%90%E6%B1%87%E5%8C%BA%20%E6%A8%B1%E8%8A%B1%E5%9B%AD%E5%B9%BC%E7%A8%9A%E5%9B%AD%20%E6%9C%AC%E9%83%A8%20%E7%99%BE%E8%8A%B1%E8%A1%97380%E5%8F%B7","54185106","待电话确认","待电话确认","民办招生范围、托班、小班名额、收费和材料要求需电话确认。","民办招生","A","民办/私立招生条件、收费、名额每年可能变化，报名前必须电话核验。","上海本地宝《上海市徐汇区民办幼儿园名单一览》，内容来源标注为上海学前教育网，2024-03-25：https://sh.bendibao.com/edu/2024325/284155_2.shtm"
"M10","民办","民办（类型待核验）","二级","新宜幼稚园","田林/康健","本部","古宜路170弄7号","待高德MCP查询","待高德MCP查询","待高德MCP查询","待高德MCP查询","https://ditu.amap.com/search?query=%E4%B8%8A%E6%B5%B7%E5%B8%82%E5%BE%90%E6%B1%87%E5%8C%BA%20%E6%96%B0%E5%AE%9C%E5%B9%BC%E7%A8%9A%E5%9B%AD%20%E6%9C%AC%E9%83%A8%20%E5%8F%A4%E5%AE%9C%E8%B7%AF170%E5%BC%847%E5%8F%B7","64684874","待电话确认","待电话确认","民办招生范围、托班、小班名额、收费和材料要求需电话确认。","民办招生","A","民办/私立招生条件、收费、名额每年可能变化，报名前必须电话核验。","上海本地宝《上海市徐汇区民办幼儿园名单一览》，内容来源标注为上海学前教育网，2024-03-25：https://sh.bendibao.com/edu/2024325/284155_2.shtm"
"M11","民办","民办（类型待核验）","二级","蓓蕾幼稚园","徐家汇/枫林","本部","蒲江塘路50号玉兰花苑6幢","待高德MCP查询","待高德MCP查询","待高德MCP查询","待高德MCP查询","https://ditu.amap.com/search?query=%E4%B8%8A%E6%B5%B7%E5%B8%82%E5%BE%90%E6%B1%87%E5%8C%BA%20%E8%93%93%E8%95%BE%E5%B9%BC%E7%A8%9A%E5%9B%AD%20%E6%9C%AC%E9%83%A8%20%E8%92%B2%E6%B1%9F%E5%A1%98%E8%B7%AF50%E5%8F%B7%E7%8E%89%E5%85%B0%E8%8A%B1%E8%8B%916%E5%B9%A2","64647491","待电话确认","待电话确认","民办招生范围、托班、小班名额、收费和材料要求需电话确认。","民办招生","A","民办/私立招生条件、收费、名额每年可能变化，报名前必须电话核验。","上海本地宝《上海市徐汇区民办幼儿园名单一览》，内容来源标注为上海学前教育网，2024-03-25：https://sh.bendibao.com/edu/2024325/284155_2.shtm"
"M12","民办","民办（类型待核验）","二级","蓓蕾幼稚园","徐家汇/枫林","分园","天钥桥路380弄11号","上海市徐汇区蓓蕾幼稚园","蒲汇塘路50号6幢(上海体育馆地铁站8号口步行400米)","121.434989,31.185300","高德直线约 3.95 km","https://ditu.amap.com/search?query=%E4%B8%8A%E6%B5%B7%E5%B8%82%E5%BE%90%E6%B1%87%E5%8C%BA%20%E8%93%93%E8%95%BE%E5%B9%BC%E7%A8%9A%E5%9B%AD%20%E5%88%86%E5%9B%AD%20%E5%A4%A9%E9%92%A5%E6%A1%A5%E8%B7%AF380%E5%BC%8411%E5%8F%B7","64647491","待电话确认","待电话确认","民办招生范围、托班、小班名额、收费和材料要求需电话确认。","民办招生","A","民办/私立招生条件、收费、名额每年可能变化，报名前必须电话核验。","上海本地宝《上海市徐汇区民办幼儿园名单一览》，内容来源标注为上海学前教育网，2024-03-25：https://sh.bendibao.com/edu/2024325/284155_2.shtm"
"M13","民办","民办（类型待核验）","二级","淇莲幼儿园","田林/康健","本部","浦北路50号","上海淇莲幼儿园","浦北路50号","121.425938,31.158260","高德直线约 3.16 km","https://ditu.amap.com/search?query=%E4%B8%8A%E6%B5%B7%E5%B8%82%E5%BE%90%E6%B1%87%E5%8C%BA%20%E6%B7%87%E8%8E%B2%E5%B9%BC%E5%84%BF%E5%9B%AD%20%E6%9C%AC%E9%83%A8%20%E6%B5%A6%E5%8C%97%E8%B7%AF50%E5%8F%B7","54669909","待电话确认","待电话确认","民办招生范围、托班、小班名额、收费和材料要求需电话确认。","民办招生","A","民办/私立招生条件、收费、名额每年可能变化，报名前必须电话核验。","上海本地宝《上海市徐汇区民办幼儿园名单一览》，内容来源标注为上海学前教育网，2024-03-25：https://sh.bendibao.com/edu/2024325/284155_2.shtm"
"M14","民办","民办（类型待核验）","二级","田林街道中心幼儿园","田林/康健","本部","田林六村10号","待高德MCP查询","待高德MCP查询","待高德MCP查询","待高德MCP查询","https://ditu.amap.com/search?query=%E4%B8%8A%E6%B5%B7%E5%B8%82%E5%BE%90%E6%B1%87%E5%8C%BA%20%E7%94%B0%E6%9E%97%E8%A1%97%E9%81%93%E4%B8%AD%E5%BF%83%E5%B9%BC%E5%84%BF%E5%9B%AD%20%E6%9C%AC%E9%83%A8%20%E7%94%B0%E6%9E%97%E5%85%AD%E6%9D%9110%E5%8F%B7","64705223","待电话确认","待电话确认","民办招生范围、托班、小班名额、收费和材料要求需电话确认。","民办招生","A","民办/私立招生条件、收费、名额每年可能变化，报名前必须电话核验。","上海本地宝《上海市徐汇区民办幼儿园名单一览》，内容来源标注为上海学前教育网，2024-03-25：https://sh.bendibao.com/edu/2024325/284155_2.shtm"
"M15","民办","民办（类型待核验）","二级","胡姬港湾新汇幼儿园","田林/康健","本部","浦北路21弄42号","上海徐汇区民办胡姬港湾新汇幼儿园","浦北路21弄42号","121.426513,31.156689","高德直线约 3.09 km","https://ditu.amap.com/search?query=%E4%B8%8A%E6%B5%B7%E5%B8%82%E5%BE%90%E6%B1%87%E5%8C%BA%20%E8%83%A1%E5%A7%AC%E6%B8%AF%E6%B9%BE%E6%96%B0%E6%B1%87%E5%B9%BC%E5%84%BF%E5%9B%AD%20%E6%9C%AC%E9%83%A8%20%E6%B5%A6%E5%8C%97%E8%B7%AF21%E5%BC%8442%E5%8F%B7","54669810","待电话确认","待电话确认","民办招生范围、托班、小班名额、收费和材料要求需电话确认。","民办招生","A","民办/私立招生条件、收费、名额每年可能变化，报名前必须电话核验。","上海本地宝《上海市徐汇区民办幼儿园名单一览》，内容来源标注为上海学前教育网，2024-03-25：https://sh.bendibao.com/edu/2024325/284155_2.shtm"
"M16","民办","普惠民办","二级","小神童幼儿园","华泾/龙吴","本部","龙吴路988弄25号","待高德MCP查询","待高德MCP查询","待高德MCP查询","待高德MCP查询","https://ditu.amap.com/search?query=%E4%B8%8A%E6%B5%B7%E5%B8%82%E5%BE%90%E6%B1%87%E5%8C%BA%20%E5%B0%8F%E7%A5%9E%E7%AB%A5%E5%B9%BC%E5%84%BF%E5%9B%AD%20%E6%9C%AC%E9%83%A8%20%E9%BE%99%E5%90%B4%E8%B7%AF988%E5%BC%8425%E5%8F%B7","021-54360296","待电话确认","待电话确认","民办招生范围、托班、小班名额、收费和材料要求需电话确认。","民办招生","A","民办/私立招生条件、收费、名额每年可能变化，报名前必须电话核验。","上海本地宝《上海市徐汇区民办幼儿园名单一览》，内容来源标注为上海学前教育网，2024-03-25：https://sh.bendibao.com/edu/2024325/284155_2.shtm"
"M17","民办","民办（类型待核验）","二级","安琪曈幼稚园","衡复/湖南","本部","衡山路9弄2号","待高德MCP查询","待高德MCP查询","待高德MCP查询","待高德MCP查询","https://ditu.amap.com/search?query=%E4%B8%8A%E6%B5%B7%E5%B8%82%E5%BE%90%E6%B1%87%E5%8C%BA%20%E5%AE%89%E7%90%AA%E6%9B%88%E5%B9%BC%E7%A8%9A%E5%9B%AD%20%E6%9C%AC%E9%83%A8%20%E8%A1%A1%E5%B1%B1%E8%B7%AF9%E5%BC%842%E5%8F%B7","64665309","待电话确认","待电话确认","民办招生范围、托班、小班名额、收费和材料要求需电话确认。","民办招生","A","民办/私立招生条件、收费、名额每年可能变化，报名前必须电话核验。","上海本地宝《上海市徐汇区民办幼儿园名单一览》，内容来源标注为上海学前教育网，2024-03-25：https://sh.bendibao.com/edu/2024325/284155_2.shtm"
"M18","民办","民办（类型待核验）","二级","鲁浦幼儿园","龙华/滨江","本部","宛南一村23号","上海市徐汇区鲁浦幼儿园","宛南一村23号","121.449968,31.183733","高德直线约 3.17 km","https://ditu.amap.com/search?query=%E4%B8%8A%E6%B5%B7%E5%B8%82%E5%BE%90%E6%B1%87%E5%8C%BA%20%E9%B2%81%E6%B5%A6%E5%B9%BC%E5%84%BF%E5%9B%AD%20%E6%9C%AC%E9%83%A8%20%E5%AE%9B%E5%8D%97%E4%B8%80%E6%9D%9123%E5%8F%B7","64384206","待电话确认","待电话确认","民办招生范围、托班、小班名额、收费和材料要求需电话确认。","民办招生","A","民办/私立招生条件、收费、名额每年可能变化，报名前必须电话核验。","上海本地宝《上海市徐汇区民办幼儿园名单一览》，内容来源标注为上海学前教育网，2024-03-25：https://sh.bendibao.com/edu/2024325/284155_2.shtm"
"M19","民办","民办（类型待核验）","二级","鲁浦幼儿园","龙华/滨江","分园","宛南五村1号","待高德MCP查询","待高德MCP查询","待高德MCP查询","待高德MCP查询","https://ditu.amap.com/search?query=%E4%B8%8A%E6%B5%B7%E5%B8%82%E5%BE%90%E6%B1%87%E5%8C%BA%20%E9%B2%81%E6%B5%A6%E5%B9%BC%E5%84%BF%E5%9B%AD%20%E5%88%86%E5%9B%AD%20%E5%AE%9B%E5%8D%97%E4%BA%94%E6%9D%911%E5%8F%B7","64384206","待电话确认","待电话确认","民办招生范围、托班、小班名额、收费和材料要求需电话确认。","民办招生","A","民办/私立招生条件、收费、名额每年可能变化，报名前必须电话核验。","上海本地宝《上海市徐汇区民办幼儿园名单一览》，内容来源标注为上海学前教育网，2024-03-25：https://sh.bendibao.com/edu/2024325/284155_2.shtm"
"M20","民办","民办（类型待核验）","二级","康文云锦幼儿园","龙华/滨江","本部","龙兰路398号","待高德MCP查询","待高德MCP查询","待高德MCP查询","待高德MCP查询","https://ditu.amap.com/search?query=%E4%B8%8A%E6%B5%B7%E5%B8%82%E5%BE%90%E6%B1%87%E5%8C%BA%20%E5%BA%B7%E6%96%87%E4%BA%91%E9%94%A6%E5%B9%BC%E5%84%BF%E5%9B%AD%20%E6%9C%AC%E9%83%A8%20%E9%BE%99%E5%85%B0%E8%B7%AF398%E5%8F%B7","64282682","待电话确认","待电话确认","民办招生范围、托班、小班名额、收费和材料要求需电话确认。","民办招生","A","民办/私立招生条件、收费、名额每年可能变化，报名前必须电话核验。","上海本地宝《上海市徐汇区民办幼儿园名单一览》，内容来源标注为上海学前教育网，2024-03-25：https://sh.bendibao.com/edu/2024325/284155_2.shtm"
"M21","民办","民办（类型待核验）","二级","爱文幼儿园","徐家汇/虹桥","本部","古羊路160号1幢","上海爱文幼儿园","古羊路160号","121.415415,31.191313","高德直线约 5.69 km","https://ditu.amap.com/search?query=%E4%B8%8A%E6%B5%B7%E5%B8%82%E5%BE%90%E6%B1%87%E5%8C%BA%20%E7%88%B1%E6%96%87%E5%B9%BC%E5%84%BF%E5%9B%AD%20%E6%9C%AC%E9%83%A8%20%E5%8F%A4%E7%BE%8A%E8%B7%AF160%E5%8F%B71%E5%B9%A2","021-62090135","待电话确认","待电话确认","民办招生范围、托班、小班名额、收费和材料要求需电话确认。","民办招生","A","民办/私立招生条件、收费、名额每年可能变化，报名前必须电话核验。","上海本地宝《上海市徐汇区民办幼儿园名单一览》，内容来源标注为上海学前教育网，2024-03-25：https://sh.bendibao.com/edu/2024325/284155_2.shtm"
"M22","民办","民办（类型待核验）","二级","童稻幼儿园","徐家汇/虹桥","本部","淮海西路365弄2号楼、3号楼","上海徐汇区民办童稻幼儿园","淮海西路365弄2号楼、3号楼","121.423919,31.197101","高德直线约 5.63 km","https://ditu.amap.com/search?query=%E4%B8%8A%E6%B5%B7%E5%B8%82%E5%BE%90%E6%B1%87%E5%8C%BA%20%E7%AB%A5%E7%A8%BB%E5%B9%BC%E5%84%BF%E5%9B%AD%20%E6%9C%AC%E9%83%A8%20%E6%B7%AE%E6%B5%B7%E8%A5%BF%E8%B7%AF365%E5%BC%842%E5%8F%B7%E6%A5%BC%E3%80%813%E5%8F%B7%E6%A5%BC","52668270","待电话确认","待电话确认","民办招生范围、托班、小班名额、收费和材料要求需电话确认。","民办招生","A","民办/私立招生条件、收费、名额每年可能变化，报名前必须电话核验。","上海本地宝《上海市徐汇区民办幼儿园名单一览》，内容来源标注为上海学前教育网，2024-03-25：https://sh.bendibao.com/edu/2024325/284155_2.shtm"
"M23","民办","民办（类型待核验）","二级","嘉宝幼儿园","徐家汇/枫林","本部","吴兴路75号","上海徐汇区民办嘉宝幼儿园","吴兴路75号(衡山路地铁站2号口步行480米)","121.443884,31.203510","高德直线约 5.44 km","https://ditu.amap.com/search?query=%E4%B8%8A%E6%B5%B7%E5%B8%82%E5%BE%90%E6%B1%87%E5%8C%BA%20%E5%98%89%E5%AE%9D%E5%B9%BC%E5%84%BF%E5%9B%AD%20%E6%9C%AC%E9%83%A8%20%E5%90%B4%E5%85%B4%E8%B7%AF75%E5%8F%B7","64373773","待电话确认","待电话确认","民办招生范围、托班、小班名额、收费和材料要求需电话确认。","民办招生","A","民办/私立招生条件、收费、名额每年可能变化，报名前必须电话核验。","上海本地宝《上海市徐汇区民办幼儿园名单一览》，内容来源标注为上海学前教育网，2024-03-25：https://sh.bendibao.com/edu/2024325/284155_2.shtm"
"M24","民办","民办（类型待核验）","二级","金贝贝幼儿园","华泾/龙吴","本部","龙吟路300号","上海徐汇区民办金贝贝幼儿园","龙吟路300号","121.452622,31.114943","高德直线约 4.65 km","https://ditu.amap.com/search?query=%E4%B8%8A%E6%B5%B7%E5%B8%82%E5%BE%90%E6%B1%87%E5%8C%BA%20%E9%87%91%E8%B4%9D%E8%B4%9D%E5%B9%BC%E5%84%BF%E5%9B%AD%20%E6%9C%AC%E9%83%A8%20%E9%BE%99%E5%90%9F%E8%B7%AF300%E5%8F%B7","54820000","待电话确认","待电话确认","民办招生范围、托班、小班名额、收费和材料要求需电话确认。","民办招生","A","民办/私立招生条件、收费、名额每年可能变化，报名前必须电话核验。","上海本地宝《上海市徐汇区民办幼儿园名单一览》，内容来源标注为上海学前教育网，2024-03-25：https://sh.bendibao.com/edu/2024325/284155_2.shtm"
"M25","民办","民办（类型待核验）","二级","世纪昂立幼儿园","徐家汇/枫林","本部","龙山新村115号（近零陵路）","待高德MCP查询","待高德MCP查询","待高德MCP查询","待高德MCP查询","https://ditu.amap.com/search?query=%E4%B8%8A%E6%B5%B7%E5%B8%82%E5%BE%90%E6%B1%87%E5%8C%BA%20%E4%B8%96%E7%BA%AA%E6%98%82%E7%AB%8B%E5%B9%BC%E5%84%BF%E5%9B%AD%20%E6%9C%AC%E9%83%A8%20%E9%BE%99%E5%B1%B1%E6%96%B0%E6%9D%91115%E5%8F%B7%EF%BC%88%E8%BF%91%E9%9B%B6%E9%99%B5%E8%B7%AF%EF%BC%89","54890979 / 64382277","待电话确认","待电话确认","民办招生范围、托班、小班名额、收费和材料要求需电话确认。","民办招生","A","民办/私立招生条件、收费、名额每年可能变化，报名前必须电话核验。","上海本地宝《上海市徐汇区民办幼儿园名单一览》，内容来源标注为上海学前教育网，2024-03-25：https://sh.bendibao.com/edu/2024325/284155_2.shtm"
"M26","民办","民办（类型待核验）","二级","爱菊幼儿园","衡复/湖南","本部","复兴西路70号","上海徐汇区民办爱菊幼儿园","复兴西路70号","121.443406,31.210887","高德直线约 6.25 km","https://ditu.amap.com/search?query=%E4%B8%8A%E6%B5%B7%E5%B8%82%E5%BE%90%E6%B1%87%E5%8C%BA%20%E7%88%B1%E8%8F%8A%E5%B9%BC%E5%84%BF%E5%9B%AD%20%E6%9C%AC%E9%83%A8%20%E5%A4%8D%E5%85%B4%E8%A5%BF%E8%B7%AF70%E5%8F%B7","64043162","待电话确认","待电话确认","民办招生范围、托班、小班名额、收费和材料要求需电话确认。","民办招生","A","民办/私立招生条件、收费、名额每年可能变化，报名前必须电话核验。","上海本地宝《上海市徐汇区民办幼儿园名单一览》，内容来源标注为上海学前教育网，2024-03-25：https://sh.bendibao.com/edu/2024325/284155_2.shtm"
"M27","民办","民办（类型待核验）","二级","培蕾幼稚园","长桥/梅陇","本部","梅陇三村49号","上海市徐汇区培蕾幼稚园","梅陇三村49号","121.417425,31.135875","高德直线约 4.57 km","https://ditu.amap.com/search?query=%E4%B8%8A%E6%B5%B7%E5%B8%82%E5%BE%90%E6%B1%87%E5%8C%BA%20%E5%9F%B9%E8%95%BE%E5%B9%BC%E7%A8%9A%E5%9B%AD%20%E6%9C%AC%E9%83%A8%20%E6%A2%85%E9%99%87%E4%B8%89%E6%9D%9149%E5%8F%B7","64768480","待电话确认","待电话确认","民办招生范围、托班、小班名额、收费和材料要求需电话确认。","民办招生","A","民办/私立招生条件、收费、名额每年可能变化，报名前必须电话核验。","上海本地宝《上海市徐汇区民办幼儿园名单一览》，内容来源标注为上海学前教育网，2024-03-25：https://sh.bendibao.com/edu/2024325/284155_2.shtm"
"M28","民办","民办（类型待核验）","二级","培蕾幼稚园","长桥/梅陇","分园","梅陇六村41号","待高德MCP查询","待高德MCP查询","待高德MCP查询","待高德MCP查询","https://ditu.amap.com/search?query=%E4%B8%8A%E6%B5%B7%E5%B8%82%E5%BE%90%E6%B1%87%E5%8C%BA%20%E5%9F%B9%E8%95%BE%E5%B9%BC%E7%A8%9A%E5%9B%AD%20%E5%88%86%E5%9B%AD%20%E6%A2%85%E9%99%87%E5%85%AD%E6%9D%9141%E5%8F%B7","64767077","待电话确认","待电话确认","民办招生范围、托班、小班名额、收费和材料要求需电话确认。","民办招生","A","民办/私立招生条件、收费、名额每年可能变化，报名前必须电话核验。","上海本地宝《上海市徐汇区民办幼儿园名单一览》，内容来源标注为上海学前教育网，2024-03-25：https://sh.bendibao.com/edu/2024325/284155_2.shtm"
"M29","民办","民办（类型待核验）","二级","枫叶交响幼儿园","衡复/湖南","本部","太原路87号","上海枫叶交响幼儿园","太原路87号","121.454991,31.207756","高德直线约 5.73 km","https://ditu.amap.com/search?query=%E4%B8%8A%E6%B5%B7%E5%B8%82%E5%BE%90%E6%B1%87%E5%8C%BA%20%E6%9E%AB%E5%8F%B6%E4%BA%A4%E5%93%8D%E5%B9%BC%E5%84%BF%E5%9B%AD%20%E6%9C%AC%E9%83%A8%20%E5%A4%AA%E5%8E%9F%E8%B7%AF87%E5%8F%B7","64730053","待电话确认","待电话确认","民办招生范围、托班、小班名额、收费和材料要求需电话确认。","民办招生","A","民办/私立招生条件、收费、名额每年可能变化，报名前必须电话核验。","上海本地宝《上海市徐汇区民办幼儿园名单一览》，内容来源标注为上海学前教育网，2024-03-25：https://sh.bendibao.com/edu/2024325/284155_2.shtm"
"M30","民办","民办（类型待核验）","二级","泰宁田林幼儿园","田林/康健","本部","田林十一村36号","上海徐汇区民办泰宁田林幼儿园","田林十一村36号","121.426535,31.171256","高德直线约 3.51 km","https://ditu.amap.com/search?query=%E4%B8%8A%E6%B5%B7%E5%B8%82%E5%BE%90%E6%B1%87%E5%8C%BA%20%E6%B3%B0%E5%AE%81%E7%94%B0%E6%9E%97%E5%B9%BC%E5%84%BF%E5%9B%AD%20%E6%9C%AC%E9%83%A8%20%E7%94%B0%E6%9E%97%E5%8D%81%E4%B8%80%E6%9D%9136%E5%8F%B7","64755118-804","待电话确认","待电话确认","民办招生范围、托班、小班名额、收费和材料要求需电话确认。","民办招生","A","民办/私立招生条件、收费、名额每年可能变化，报名前必须电话核验。","上海本地宝《上海市徐汇区民办幼儿园名单一览》，内容来源标注为上海学前教育网，2024-03-25：https://sh.bendibao.com/edu/2024325/284155_2.shtm"
"M31","民办","民办（类型待核验）","二级","田林东方幼儿园","田林/康健","本部","宜山路田林十四村27号","上海徐汇区民办田林东方幼儿园","田林十四村27号","121.423893,31.176131","高德直线约 4.00 km","https://ditu.amap.com/search?query=%E4%B8%8A%E6%B5%B7%E5%B8%82%E5%BE%90%E6%B1%87%E5%8C%BA%20%E7%94%B0%E6%9E%97%E4%B8%9C%E6%96%B9%E5%B9%BC%E5%84%BF%E5%9B%AD%20%E6%9C%AC%E9%83%A8%20%E5%AE%9C%E5%B1%B1%E8%B7%AF%E7%94%B0%E6%9E%97%E5%8D%81%E5%9B%9B%E6%9D%9127%E5%8F%B7","021-64085912","待电话确认","待电话确认","民办招生范围、托班、小班名额、收费和材料要求需电话确认。","民办招生","A","民办/私立招生条件、收费、名额每年可能变化，报名前必须电话核验。","上海本地宝《上海市徐汇区民办幼儿园名单一览》，内容来源标注为上海学前教育网，2024-03-25：https://sh.bendibao.com/edu/2024325/284155_2.shtm"
"M32","民办","民办（类型待核验）","二级","澳宝幼儿园","衡复/湖南","本部","永嘉路356弄31号","上海徐汇区民办澳宝幼儿园","永嘉路356弄31号","121.456483,31.209345","高德直线约 5.90 km","https://ditu.amap.com/search?query=%E4%B8%8A%E6%B5%B7%E5%B8%82%E5%BE%90%E6%B1%87%E5%8C%BA%20%E6%BE%B3%E5%AE%9D%E5%B9%BC%E5%84%BF%E5%9B%AD%20%E6%9C%AC%E9%83%A8%20%E6%B0%B8%E5%98%89%E8%B7%AF356%E5%BC%8431%E5%8F%B7","64720200","待电话确认","待电话确认","民办招生范围、托班、小班名额、收费和材料要求需电话确认。","民办招生","A","民办/私立招生条件、收费、名额每年可能变化，报名前必须电话核验。","上海本地宝《上海市徐汇区民办幼儿园名单一览》，内容来源标注为上海学前教育网，2024-03-25：https://sh.bendibao.com/edu/2024325/284155_2.shtm"
"M33","民办","民办（类型待核验）","二级","吉的堡小蜻蜓幼儿园","田林/康健","本部","虹梅路1035弄30号","待高德MCP查询","待高德MCP查询","待高德MCP查询","待高德MCP查询","https://ditu.amap.com/search?query=%E4%B8%8A%E6%B5%B7%E5%B8%82%E5%BE%90%E6%B1%87%E5%8C%BA%20%E5%90%89%E7%9A%84%E5%A0%A1%E5%B0%8F%E8%9C%BB%E8%9C%93%E5%B9%BC%E5%84%BF%E5%9B%AD%20%E6%9C%AC%E9%83%A8%20%E8%99%B9%E6%A2%85%E8%B7%AF1035%E5%BC%8430%E5%8F%B7","64368108","待电话确认","待电话确认","民办招生范围、托班、小班名额、收费和材料要求需电话确认。","民办招生","A","民办/私立招生条件、收费、名额每年可能变化，报名前必须电话核验。","上海本地宝《上海市徐汇区民办幼儿园名单一览》，内容来源标注为上海学前教育网，2024-03-25：https://sh.bendibao.com/edu/2024325/284155_2.shtm"
"M34","民办","民办（类型待核验）","二级","东泉大地幼儿园","龙华/滨江","本部","东泉路65弄9号","待高德MCP查询","待高德MCP查询","待高德MCP查询","待高德MCP查询","https://ditu.amap.com/search?query=%E4%B8%8A%E6%B5%B7%E5%B8%82%E5%BE%90%E6%B1%87%E5%8C%BA%20%E4%B8%9C%E6%B3%89%E5%A4%A7%E5%9C%B0%E5%B9%BC%E5%84%BF%E5%9B%AD%20%E6%9C%AC%E9%83%A8%20%E4%B8%9C%E6%B3%89%E8%B7%AF65%E5%BC%849%E5%8F%B7","54084130","待电话确认","待电话确认","民办招生范围、托班、小班名额、收费和材料要求需电话确认。","民办招生","A","民办/私立招生条件、收费、名额每年可能变化，报名前必须电话核验。","上海本地宝《上海市徐汇区民办幼儿园名单一览》，内容来源标注为上海学前教育网，2024-03-25：https://sh.bendibao.com/edu/2024325/284155_2.shtm"
"M35","民办","民办（类型待核验）","二级","吉的堡新徐汇幼儿园","徐家汇/枫林","本部","小木桥路101弄20号","上海徐汇区民办吉的堡新徐汇幼儿园","小木桥路101弄20号","121.457939,31.199425","高德直线约 4.79 km","https://ditu.amap.com/search?query=%E4%B8%8A%E6%B5%B7%E5%B8%82%E5%BE%90%E6%B1%87%E5%8C%BA%20%E5%90%89%E7%9A%84%E5%A0%A1%E6%96%B0%E5%BE%90%E6%B1%87%E5%B9%BC%E5%84%BF%E5%9B%AD%20%E6%9C%AC%E9%83%A8%20%E5%B0%8F%E6%9C%A8%E6%A1%A5%E8%B7%AF101%E5%BC%8420%E5%8F%B7","021-54245100","待电话确认","待电话确认","民办招生范围、托班、小班名额、收费和材料要求需电话确认。","民办招生","A","民办/私立招生条件、收费、名额每年可能变化，报名前必须电话核验。","上海本地宝《上海市徐汇区民办幼儿园名单一览》，内容来源标注为上海学前教育网，2024-03-25：https://sh.bendibao.com/edu/2024325/284155_2.shtm"
"M36","民办","民办（类型待核验）","二级","爱悠小红花幼儿园","长桥/梅陇","本部","梅陇路130号1幢、2幢","待高德MCP查询","待高德MCP查询","待高德MCP查询","待高德MCP查询","https://ditu.amap.com/search?query=%E4%B8%8A%E6%B5%B7%E5%B8%82%E5%BE%90%E6%B1%87%E5%8C%BA%20%E7%88%B1%E6%82%A0%E5%B0%8F%E7%BA%A2%E8%8A%B1%E5%B9%BC%E5%84%BF%E5%9B%AD%20%E6%9C%AC%E9%83%A8%20%E6%A2%85%E9%99%87%E8%B7%AF130%E5%8F%B71%E5%B9%A2%E3%80%812%E5%B9%A2","021-54333289","待电话确认","待电话确认","民办招生范围、托班、小班名额、收费和材料要求需电话确认。","民办招生","A","民办/私立招生条件、收费、名额每年可能变化，报名前必须电话核验。","上海本地宝《上海市徐汇区民办幼儿园名单一览》，内容来源标注为上海学前教育网，2024-03-25：https://sh.bendibao.com/edu/2024325/284155_2.shtm"
"M37","民办","民办（类型待核验）","二级","中山幼儿园","衡复/湖南","本部","桃江路42号","上海中山幼儿园","桃江路42号(上海图书馆地铁站2号口步行450米)","121.448321,31.209534","高德直线约 6.00 km","https://ditu.amap.com/search?query=%E4%B8%8A%E6%B5%B7%E5%B8%82%E5%BE%90%E6%B1%87%E5%8C%BA%20%E4%B8%AD%E5%B1%B1%E5%B9%BC%E5%84%BF%E5%9B%AD%20%E6%9C%AC%E9%83%A8%20%E6%A1%83%E6%B1%9F%E8%B7%AF42%E5%8F%B7","021-33565515","待电话确认","待电话确认","民办招生范围、托班、小班名额、收费和材料要求需电话确认。","民办招生","A","民办/私立招生条件、收费、名额每年可能变化，报名前必须电话核验。","上海本地宝《上海市徐汇区民办幼儿园名单一览》，内容来源标注为上海学前教育网，2024-03-25：https://sh.bendibao.com/edu/2024325/284155_2.shtm"
"M38","民办","民办（类型待核验）","二级","创意幼儿园","田林/康健","本部","柳州路田林十村6号","待高德MCP查询","待高德MCP查询","待高德MCP查询","待高德MCP查询","https://ditu.amap.com/search?query=%E4%B8%8A%E6%B5%B7%E5%B8%82%E5%BE%90%E6%B1%87%E5%8C%BA%20%E5%88%9B%E6%84%8F%E5%B9%BC%E5%84%BF%E5%9B%AD%20%E6%9C%AC%E9%83%A8%20%E6%9F%B3%E5%B7%9E%E8%B7%AF%E7%94%B0%E6%9E%97%E5%8D%81%E6%9D%916%E5%8F%B7","64828813 / 64820881","待电话确认","待电话确认","民办招生范围、托班、小班名额、收费和材料要求需电话确认。","民办招生","A","民办/私立招生条件、收费、名额每年可能变化，报名前必须电话核验。","上海本地宝《上海市徐汇区民办幼儿园名单一览》，内容来源标注为上海学前教育网，2024-03-25：https://sh.bendibao.com/edu/2024325/284155_2.shtm"
"M39","民办","民办（类型待核验）","二级","牛牛幼稚园","长桥/梅陇","本部","罗城路700弄95号","徐汇区牛牛幼稚园(南门)","罗城路700弄95号","121.433333,31.149958","高德直线约 2.55 km","https://ditu.amap.com/search?query=%E4%B8%8A%E6%B5%B7%E5%B8%82%E5%BE%90%E6%B1%87%E5%8C%BA%20%E7%89%9B%E7%89%9B%E5%B9%BC%E7%A8%9A%E5%9B%AD%20%E6%9C%AC%E9%83%A8%20%E7%BD%97%E5%9F%8E%E8%B7%AF700%E5%BC%8495%E5%8F%B7","54115988","待电话确认","待电话确认","民办招生范围、托班、小班名额、收费和材料要求需电话确认。","民办招生","A","民办/私立招生条件、收费、名额每年可能变化，报名前必须电话核验。","上海本地宝《上海市徐汇区民办幼儿园名单一览》，内容来源标注为上海学前教育网，2024-03-25：https://sh.bendibao.com/edu/2024325/284155_2.shtm"
"M40","民办","民办（类型待核验）","二级","领幼幼儿园","徐家汇/枫林","本部","天钥桥路1057弄3号","待高德MCP查询","待高德MCP查询","待高德MCP查询","待高德MCP查询","https://ditu.amap.com/search?query=%E4%B8%8A%E6%B5%B7%E5%B8%82%E5%BE%90%E6%B1%87%E5%8C%BA%20%E9%A2%86%E5%B9%BC%E5%B9%BC%E5%84%BF%E5%9B%AD%20%E6%9C%AC%E9%83%A8%20%E5%A4%A9%E9%92%A5%E6%A1%A5%E8%B7%AF1057%E5%BC%843%E5%8F%B7","64458520","待电话确认","待电话确认","民办招生范围、托班、小班名额、收费和材料要求需电话确认。","民办招生","A","民办/私立招生条件、收费、名额每年可能变化，报名前必须电话核验。","上海本地宝《上海市徐汇区民办幼儿园名单一览》，内容来源标注为上海学前教育网，2024-03-25：https://sh.bendibao.com/edu/2024325/284155_2.shtm"
"M41","民办","民办（类型待核验）","二级","漕河泾新汇幼儿园","漕溪/龙漕","本部","漕泾一村30号","待高德MCP查询","待高德MCP查询","待高德MCP查询","待高德MCP查询","https://ditu.amap.com/search?query=%E4%B8%8A%E6%B5%B7%E5%B8%82%E5%BE%90%E6%B1%87%E5%8C%BA%20%E6%BC%95%E6%B2%B3%E6%B3%BE%E6%96%B0%E6%B1%87%E5%B9%BC%E5%84%BF%E5%9B%AD%20%E6%9C%AC%E9%83%A8%20%E6%BC%95%E6%B3%BE%E4%B8%80%E6%9D%9130%E5%8F%B7","64364348","待电话确认","待电话确认","民办招生范围、托班、小班名额、收费和材料要求需电话确认。","民办招生","A","民办/私立招生条件、收费、名额每年可能变化，报名前必须电话核验。","上海本地宝《上海市徐汇区民办幼儿园名单一览》，内容来源标注为上海学前教育网，2024-03-25：https://sh.bendibao.com/edu/2024325/284155_2.shtm"
"M42","民办","普惠民办","二级","凯琴数码幼儿园","华泾/龙吴","本部","华泾路995号","上海徐汇区民办凯琴数码幼儿园","华泾路995号","121.445751,31.117771","高德直线约 4.48 km","https://ditu.amap.com/search?query=%E4%B8%8A%E6%B5%B7%E5%B8%82%E5%BE%90%E6%B1%87%E5%8C%BA%20%E5%87%AF%E7%90%B4%E6%95%B0%E7%A0%81%E5%B9%BC%E5%84%BF%E5%9B%AD%20%E6%9C%AC%E9%83%A8%20%E5%8D%8E%E6%B3%BE%E8%B7%AF995%E5%8F%B7","54822626","待电话确认","待电话确认","民办招生范围、托班、小班名额、收费和材料要求需电话确认。","民办招生","A","民办/私立招生条件、收费、名额每年可能变化，报名前必须电话核验。","上海本地宝《上海市徐汇区民办幼儿园名单一览》，内容来源标注为上海学前教育网，2024-03-25：https://sh.bendibao.com/edu/2024325/284155_2.shtm"
"M43","民办","民办（类型待核验）","二级","陇龙幼稚园","长桥/梅陇","本部","梅陇十一村96号","待高德MCP查询","待高德MCP查询","待高德MCP查询","待高德MCP查询","https://ditu.amap.com/search?query=%E4%B8%8A%E6%B5%B7%E5%B8%82%E5%BE%90%E6%B1%87%E5%8C%BA%20%E9%99%87%E9%BE%99%E5%B9%BC%E7%A8%9A%E5%9B%AD%20%E6%9C%AC%E9%83%A8%20%E6%A2%85%E9%99%87%E5%8D%81%E4%B8%80%E6%9D%9196%E5%8F%B7","64549910","待电话确认","待电话确认","民办招生范围、托班、小班名额、收费和材料要求需电话确认。","民办招生","A","民办/私立招生条件、收费、名额每年可能变化，报名前必须电话核验。","上海本地宝《上海市徐汇区民办幼儿园名单一览》，内容来源标注为上海学前教育网，2024-03-25：https://sh.bendibao.com/edu/2024325/284155_2.shtm"
"M44","民办","民办（类型待核验）","二级","世蒙幼儿园","衡复/湖南","本部","东湖路21号","待高德MCP查询","待高德MCP查询","待高德MCP查询","待高德MCP查询","https://ditu.amap.com/search?query=%E4%B8%8A%E6%B5%B7%E5%B8%82%E5%BE%90%E6%B1%87%E5%8C%BA%20%E4%B8%96%E8%92%99%E5%B9%BC%E5%84%BF%E5%9B%AD%20%E6%9C%AC%E9%83%A8%20%E4%B8%9C%E6%B9%96%E8%B7%AF21%E5%8F%B7","021-54038979","待电话确认","待电话确认","民办招生范围、托班、小班名额、收费和材料要求需电话确认。","民办招生","A","民办/私立招生条件、收费、名额每年可能变化，报名前必须电话核验。","上海本地宝《上海市徐汇区民办幼儿园名单一览》，内容来源标注为上海学前教育网，2024-03-25：https://sh.bendibao.com/edu/2024325/284155_2.shtm"
"M45","民办","民办（类型待核验）","二级","蒂伊幼稚园","衡复/湖南","本部","永嘉路383号","待高德MCP查询","待高德MCP查询","待高德MCP查询","待高德MCP查询","https://ditu.amap.com/search?query=%E4%B8%8A%E6%B5%B7%E5%B8%82%E5%BE%90%E6%B1%87%E5%8C%BA%20%E8%92%82%E4%BC%8A%E5%B9%BC%E7%A8%9A%E5%9B%AD%20%E6%9C%AC%E9%83%A8%20%E6%B0%B8%E5%98%89%E8%B7%AF383%E5%8F%B7","64749388","待电话确认","待电话确认","民办招生范围、托班、小班名额、收费和材料要求需电话确认。","民办招生","A","民办/私立招生条件、收费、名额每年可能变化，报名前必须电话核验。","上海本地宝《上海市徐汇区民办幼儿园名单一览》，内容来源标注为上海学前教育网，2024-03-25：https://sh.bendibao.com/edu/2024325/284155_2.shtm"
"M46","民办","民办（类型待核验）","二级","吉的堡新汇幼儿园","田林/康健","本部","康健小区虹漕南路百花街18号、6号","上海徐汇区民办吉的堡新汇幼儿园","百花街18号","121.412573,31.153868","高德直线约 4.43 km","https://ditu.amap.com/search?query=%E4%B8%8A%E6%B5%B7%E5%B8%82%E5%BE%90%E6%B1%87%E5%8C%BA%20%E5%90%89%E7%9A%84%E5%A0%A1%E6%96%B0%E6%B1%87%E5%B9%BC%E5%84%BF%E5%9B%AD%20%E6%9C%AC%E9%83%A8%20%E5%BA%B7%E5%81%A5%E5%B0%8F%E5%8C%BA%E8%99%B9%E6%BC%95%E5%8D%97%E8%B7%AF%E7%99%BE%E8%8A%B1%E8%A1%9718%E5%8F%B7%E3%80%816%E5%8F%B7","54183331","待电话确认","待电话确认","民办招生范围、托班、小班名额、收费和材料要求需电话确认。","民办招生","A","民办/私立招生条件、收费、名额每年可能变化，报名前必须电话核验。","上海本地宝《上海市徐汇区民办幼儿园名单一览》，内容来源标注为上海学前教育网，2024-03-25：https://sh.bendibao.com/edu/2024325/284155_2.shtm"